ref_area,indicator,source,time,obs_value,note_indicator,note_source
AFG,ILR_TUMT_NOC_RT,FI:6357,2012,9.36,,
AFG,ILR_TUMT_NOC_RT,FI:6357,2019,16.77,,
ALB,ILR_TUMT_NOC_RT,FX:7131,2008,52.41,,
ALB,ILR_TUMT_NOC_RT,FX:7131,2009,49.5,,
ALB,ILR_TUMT_NOC_RT,FX:7131,2011,49.9,,
ALB,ILR_TUMT_NOC_RT,FX:7131,2012,48.2,,
ALB,ILR_TUMT_NOC_RT,FX:7131,2013,48.7,,
ALB,ILR_TUMT_NOC_RT,FX:7131,2017,36.85,,
ARG,ILR_TUMT_NOC_RT,FX:157,2000,43.84,,
ARG,ILR_TUMT_NOC_RT,FX:157,2001,42,,
ARG,ILR_TUMT_NOC_RT,FX:157,2005,37,,
ARG,ILR_TUMT_NOC_RT,FX:157,2008,30.7,,
ARG,ILR_TUMT_NOC_RT,FX:157,2009,31.9,,
ARG,ILR_TUMT_NOC_RT,FX:157,2010,30.1,,
ARG,ILR_TUMT_NOC_RT,FX:157,2011,31.8,,
ARG,ILR_TUMT_NOC_RT,FX:157,2012,30,,
ARG,ILR_TUMT_NOC_RT,FX:157,2013,30.4,,
ARG,ILR_TUMT_NOC_RT,FX:157,2014,27.7,,
ARM,ILR_TUMT_NOC_RT,BA:867,2014,23.78,,
ARM,ILR_TUMT_NOC_RT,BA:867,2015,24.8,,
ARM,ILR_TUMT_NOC_RT,BA:867,2016,23.19,,
ARM,ILR_TUMT_NOC_RT,BA:867,2017,22.68,,
ARM,ILR_TUMT_NOC_RT,BA:867,2018,23.4,,
ARM,ILR_TUMT_NOC_RT,BA:867,2019,20.55,,
ARM,ILR_TUMT_NOC_RT,FI:171,2009,38.35,,
ARM,ILR_TUMT_NOC_RT,FI:171,2010,35.8,,
ARM,ILR_TUMT_NOC_RT,FI:171,2011,36.6,,
ARM,ILR_TUMT_NOC_RT,FI:171,2012,35.2,,
ARM,ILR_TUMT_NOC_RT,FI:171,2013,33.9,,
AUS,ILR_TUMT_NOC_RT,BA:3048,2000,26.48,T31:4129,
AUS,ILR_TUMT_NOC_RT,BA:3048,2001,26.2,T31:4129,
AUS,ILR_TUMT_NOC_RT,BA:3048,2002,24.7,T31:4129,
AUS,ILR_TUMT_NOC_RT,BA:3048,2003,24.71,T31:4129,
AUS,ILR_TUMT_NOC_RT,BA:3048,2004,24.05,T31:4129,
AUS,ILR_TUMT_NOC_RT,BA:3048,2005,24.01,T31:4129,
AUS,ILR_TUMT_NOC_RT,BA:3048,2006,21.8,T31:4129,
AUS,ILR_TUMT_NOC_RT,BA:3048,2007,19.95,T31:4129,
AUS,ILR_TUMT_NOC_RT,BA:3048,2008,19.99,T31:4129,
AUS,ILR_TUMT_NOC_RT,BA:3048,2009,20.92,T31:4129,
AUS,ILR_TUMT_NOC_RT,BA:3048,2010,19.69,T31:4129,
AUS,ILR_TUMT_NOC_RT,BA:3048,2011,19.72,T31:4129,
AUS,ILR_TUMT_NOC_RT,BA:3048,2012,19.57,T31:4129,
AUS,ILR_TUMT_NOC_RT,BA:3048,2013,18.22,T31:4129,
AUS,ILR_TUMT_NOC_RT,BA:3048,2014,16.35,T31:4129,
AUS,ILR_TUMT_NOC_RT,BA:3048,2015,16.63,T31:4129,
AUS,ILR_TUMT_NOC_RT,BA:3048,2016,14.56,T31:4129,
AUS,ILR_TUMT_NOC_RT,BA:3048,2018,13.66,T31:4129,
AUT,ILR_TUMT_NOC_RT,XX:8240,2000,37.35,T31:4129,
AUT,ILR_TUMT_NOC_RT,XX:8240,2001,36.64,T31:4129,
AUT,ILR_TUMT_NOC_RT,XX:8240,2002,36.56,T31:4129,
AUT,ILR_TUMT_NOC_RT,XX:8240,2003,35.09,T31:4129,
AUT,ILR_TUMT_NOC_RT,XX:8240,2004,35.53,T31:4129,
AUT,ILR_TUMT_NOC_RT,XX:8240,2005,33.77,T31:4129,
AUT,ILR_TUMT_NOC_RT,XX:8240,2006,31.54,T31:4129,
AUT,ILR_TUMT_NOC_RT,XX:8240,2007,30.39,T31:4129,
AUT,ILR_TUMT_NOC_RT,XX:8240,2008,29.59,T31:4129,
AUT,ILR_TUMT_NOC_RT,XX:8240,2009,29.32,T31:4129,
AUT,ILR_TUMT_NOC_RT,XX:8240,2010,28.86,T31:4129,
AUT,ILR_TUMT_NOC_RT,XX:8240,2011,28.31,T31:4129,
AUT,ILR_TUMT_NOC_RT,XX:8240,2012,27.96,T31:4129,
AUT,ILR_TUMT_NOC_RT,XX:8240,2013,27.76,T31:4129,
AUT,ILR_TUMT_NOC_RT,XX:8240,2014,27.72,T31:4129,
AUT,ILR_TUMT_NOC_RT,XX:8240,2015,27.35,T31:4129,
AUT,ILR_TUMT_NOC_RT,XX:8240,2016,26.9,T31:4129,
AUT,ILR_TUMT_NOC_RT,XX:8240,2017,26.65,T31:4129,
AUT,ILR_TUMT_NOC_RT,XX:8240,2018,26.3,T31:4129,
AUT,ILR_TUMT_NOC_RT,XX:8240,2019,26.24,T31:4129,
BDI,ILR_TUMT_NOC_RT,BB:7040,2014,5.61,,
BEL,ILR_TUMT_NOC_RT,XX:8242,2000,56.41,T31:4129,
BEL,ILR_TUMT_NOC_RT,XX:8242,2001,57.84,T31:4129,
BEL,ILR_TUMT_NOC_RT,XX:8242,2002,57.12,T31:4129,
BEL,ILR_TUMT_NOC_RT,XX:8242,2003,55.76,T31:4129,
BEL,ILR_TUMT_NOC_RT,XX:8242,2004,55.06,T31:4129,
BEL,ILR_TUMT_NOC_RT,XX:8242,2005,54.91,T31:4129,
BEL,ILR_TUMT_NOC_RT,XX:8242,2006,53.73,T31:4129,
BEL,ILR_TUMT_NOC_RT,XX:8242,2007,53.55,T31:4129,
BEL,ILR_TUMT_NOC_RT,XX:8242,2008,53.38,T31:4129,
BEL,ILR_TUMT_NOC_RT,XX:8242,2009,53.81,T31:4129,
BEL,ILR_TUMT_NOC_RT,XX:8242,2010,52.7,T31:4129,
BEL,ILR_TUMT_NOC_RT,XX:8242,2011,54.04,T31:4129,
BEL,ILR_TUMT_NOC_RT,XX:8242,2012,53.75,T31:4129,
BEL,ILR_TUMT_NOC_RT,XX:8242,2013,53.03,T31:4129,
BEL,ILR_TUMT_NOC_RT,XX:8242,2014,52.72,T31:4129,
BEL,ILR_TUMT_NOC_RT,XX:8242,2015,52.27,T31:4129,
BEL,ILR_TUMT_NOC_RT,XX:8242,2016,51.58,,
BEL,ILR_TUMT_NOC_RT,XX:8242,2017,50.72,,
BEL,ILR_TUMT_NOC_RT,XX:8242,2018,49.96,,
BEL,ILR_TUMT_NOC_RT,XX:8242,2019,49.08,,
BFA,ILR_TUMT_NOC_RT,BA:15678,2014,7.8,,
BFA,ILR_TUMT_NOC_RT,BA:15678,2018,9.81,,
BGD,ILR_TUMT_NOC_RT,FX:805,2000,26.33,,
BGD,ILR_TUMT_NOC_RT,FX:805,2006,14.13,,
BGD,ILR_TUMT_NOC_RT,FX:805,2008,12.57,,
BGD,ILR_TUMT_NOC_RT,FX:805,2010,11.29,,
BGD,ILR_TUMT_NOC_RT,FX:805,2012,10.07,,
BGD,ILR_TUMT_NOC_RT,FX:805,2018,11.9,,
BGR,ILR_TUMT_NOC_RT,FX:917,2011,13.9,T31:4130,
BGR,ILR_TUMT_NOC_RT,FX:917,2012,11.4,T31:4130,
BGR,ILR_TUMT_NOC_RT,FX:917,2013,14,T31:4130,
BGR,ILR_TUMT_NOC_RT,FX:917,2014,13.9,T31:4130,
BGR,ILR_TUMT_NOC_RT,FX:917,2015,13.6,T31:4130,
BGR,ILR_TUMT_NOC_RT,FX:917,2016,13.7,T31:4130,
BIH,ILR_TUMT_NOC_RT,XX:8244,2012,30,,
BLZ,ILR_TUMT_NOC_RT,FX:3509,2000,5.83,,
BLZ,ILR_TUMT_NOC_RT,FX:3509,2011,9.52,,
BLZ,ILR_TUMT_NOC_RT,FX:3509,2012,9.09,,
BLZ,ILR_TUMT_NOC_RT,FX:3509,2019,7.43,,
BMU,ILR_TUMT_NOC_RT,FI:604,2000,24.6,,
BMU,ILR_TUMT_NOC_RT,FI:604,2006,21.75,,
BMU,ILR_TUMT_NOC_RT,FI:604,2007,22.32,,
BMU,ILR_TUMT_NOC_RT,FI:604,2008,23.02,,
BMU,ILR_TUMT_NOC_RT,FI:604,2009,24.22,,
BMU,ILR_TUMT_NOC_RT,FI:604,2010,23.29,,
BMU,ILR_TUMT_NOC_RT,FI:604,2011,23.55,,
BMU,ILR_TUMT_NOC_RT,FI:604,2012,24.66,,
BMU,ILR_TUMT_NOC_RT,FI:604,2018,21.9,,
BOL,ILR_TUMT_NOC_RT,BB:73,2000,23.92,,
BOL,ILR_TUMT_NOC_RT,BB:73,2006,26.11,,
BOL,ILR_TUMT_NOC_RT,BB:73,2011,22.42,,
BOL,ILR_TUMT_NOC_RT,BB:73,2012,18.71,,
BOL,ILR_TUMT_NOC_RT,BB:73,2013,19.07,,
BOL,ILR_TUMT_NOC_RT,BB:73,2014,14.97,,
BOL,ILR_TUMT_NOC_RT,BB:73,2015,11.41,,
BOL,ILR_TUMT_NOC_RT,BB:73,2016,13.33,,
BOL,ILR_TUMT_NOC_RT,BB:73,2017,11.32,,
BOL,ILR_TUMT_NOC_RT,BB:73,2018,11.83,,
BOL,ILR_TUMT_NOC_RT,BB:73,2019,12.05,,
BRA,ILR_TUMT_NOC_RT,BX:356,2000,20.07,T31:4129,T2:85
BRA,ILR_TUMT_NOC_RT,BX:356,2001,18.45,T31:4129,T2:85
BRA,ILR_TUMT_NOC_RT,BX:356,2002,18.55,T31:4129,T2:85
BRA,ILR_TUMT_NOC_RT,BX:356,2003,19.36,T31:4129,T2:85
BRA,ILR_TUMT_NOC_RT,BX:356,2004,19.65,T31:4129,T2:85
BRA,ILR_TUMT_NOC_RT,BX:356,2005,20,T31:4129,T2:85
BRA,ILR_TUMT_NOC_RT,BX:356,2006,20.12,T31:4129,T2:85
BRA,ILR_TUMT_NOC_RT,BX:356,2007,18.81,T31:4129,T2:85
BRA,ILR_TUMT_NOC_RT,BX:356,2008,19.4,T31:4129,T2:85
BRA,ILR_TUMT_NOC_RT,BX:356,2009,19.3,T31:4129,T2:85
BRA,ILR_TUMT_NOC_RT,BX:356,2011,18.48,T31:4129,
BRA,ILR_TUMT_NOC_RT,BX:356,2012,17.72,T31:4129,
BRA,ILR_TUMT_NOC_RT,BX:356,2013,17.84,T31:4129,
BRA,ILR_TUMT_NOC_RT,BX:356,2014,17.78,T31:4129,
BRA,ILR_TUMT_NOC_RT,BX:356,2015,17.92,T31:4129,
BRA,ILR_TUMT_NOC_RT,BX:356,2016,16.9,T31:4129,
BRA,ILR_TUMT_NOC_RT,BX:356,2017,16.81,T31:4129,
BRA,ILR_TUMT_NOC_RT,BX:356,2018,14.58,T31:4129,
BRA,ILR_TUMT_NOC_RT,BX:356,2019,13.03,T31:4129,
BWA,ILR_TUMT_NOC_RT,XX:16046,2000,13.35,,
BWA,ILR_TUMT_NOC_RT,XX:16046,2009,17.72,,
BWA,ILR_TUMT_NOC_RT,XX:16046,2016,29,T31:4129,
BWA,ILR_TUMT_NOC_RT,XX:16046,2017,28.06,T31:4129,
BWA,ILR_TUMT_NOC_RT,XX:16046,2018,29.11,T31:4129,
BWA,ILR_TUMT_NOC_RT,XX:16046,2019,29.36,T31:4129,
BWA,ILR_TUMT_NOC_RT,XX:16046,2020,29.96,T31:4129,
CAF,ILR_TUMT_NOC_RT,FX:975,2008,21.93,,
CAN,ILR_TUMT_NOC_RT,BA:147,2000,30.1,,
CAN,ILR_TUMT_NOC_RT,BA:147,2001,30.16,,
CAN,ILR_TUMT_NOC_RT,BA:147,2002,30.05,,
CAN,ILR_TUMT_NOC_RT,BA:147,2003,30.09,,
CAN,ILR_TUMT_NOC_RT,BA:147,2004,29.76,,
CAN,ILR_TUMT_NOC_RT,BA:147,2005,29.78,,
CAN,ILR_TUMT_NOC_RT,BA:147,2006,29.39,,
CAN,ILR_TUMT_NOC_RT,BA:147,2007,29.34,,
CAN,ILR_TUMT_NOC_RT,BA:147,2008,29.09,,
CAN,ILR_TUMT_NOC_RT,BA:147,2009,29.39,,
CAN,ILR_TUMT_NOC_RT,BA:147,2010,29.34,,
CAN,ILR_TUMT_NOC_RT,BA:147,2011,28.98,,
CAN,ILR_TUMT_NOC_RT,BA:147,2012,29.28,,
CAN,ILR_TUMT_NOC_RT,BA:147,2013,29.19,,
CAN,ILR_TUMT_NOC_RT,BA:147,2014,28.41,,
CAN,ILR_TUMT_NOC_RT,BA:147,2015,28.59,,
CAN,ILR_TUMT_NOC_RT,BA:147,2016,28.39,,
CAN,ILR_TUMT_NOC_RT,BA:147,2017,28.44,,
CAN,ILR_TUMT_NOC_RT,BA:147,2018,28.09,,
CAN,ILR_TUMT_NOC_RT,BA:147,2019,28.29,,
CAN,ILR_TUMT_NOC_RT,BA:147,2020,29.39,,
CHE,ILR_TUMT_NOC_RT,FI:8284,2000,20.65,T31:4129,
CHE,ILR_TUMT_NOC_RT,FI:8284,2001,20.18,T31:4129,
CHE,ILR_TUMT_NOC_RT,FI:8284,2002,20.35,T31:4129,
CHE,ILR_TUMT_NOC_RT,FI:8284,2003,20.38,T31:4129,
CHE,ILR_TUMT_NOC_RT,FI:8284,2004,19.9,T31:4129,
CHE,ILR_TUMT_NOC_RT,FI:8284,2005,19.76,T31:4129,
CHE,ILR_TUMT_NOC_RT,FI:8284,2006,19.27,T31:4129,
CHE,ILR_TUMT_NOC_RT,FI:8284,2007,18.86,T31:4129,
CHE,ILR_TUMT_NOC_RT,FI:8284,2008,17.94,T31:4129,
CHE,ILR_TUMT_NOC_RT,FI:8284,2009,17.71,T31:4129,
CHE,ILR_TUMT_NOC_RT,FI:8284,2010,17.58,T31:4129,
CHE,ILR_TUMT_NOC_RT,FI:8284,2011,17.03,T31:4129,
CHE,ILR_TUMT_NOC_RT,FI:8284,2012,16.53,T31:4129,
CHE,ILR_TUMT_NOC_RT,FI:8284,2013,16.57,T31:4129,
CHE,ILR_TUMT_NOC_RT,FI:8284,2014,16.08,T31:4129,
CHE,ILR_TUMT_NOC_RT,FI:8284,2015,15.66,T31:4129,
CHE,ILR_TUMT_NOC_RT,FI:8284,2016,15.25,T31:4129,
CHE,ILR_TUMT_NOC_RT,FI:8284,2017,14.86,T31:4129,
CHE,ILR_TUMT_NOC_RT,FI:8284,2018,14.43,T31:4129,
CHL,ILR_TUMT_NOC_RT,FX:137,2000,11.18,T31:4129,
CHL,ILR_TUMT_NOC_RT,FX:137,2001,10.9,T31:4129,
CHL,ILR_TUMT_NOC_RT,FX:137,2002,11.13,T31:4129,
CHL,ILR_TUMT_NOC_RT,FX:137,2003,11.69,T31:4129,
CHL,ILR_TUMT_NOC_RT,FX:137,2004,11.5,T31:4129,
CHL,ILR_TUMT_NOC_RT,FX:137,2005,11.12,T31:4129,
CHL,ILR_TUMT_NOC_RT,FX:137,2006,11.25,T31:4129,
CHL,ILR_TUMT_NOC_RT,FX:137,2007,11.49,T31:4129,
CHL,ILR_TUMT_NOC_RT,FX:137,2008,12.85,T31:4129,
CHL,ILR_TUMT_NOC_RT,FX:137,2009,13.67,T31:4129,
CHL,ILR_TUMT_NOC_RT,FX:137,2010,14.01,T31:4129,
CHL,ILR_TUMT_NOC_RT,FX:137,2011,13.88,T31:4129,
CHL,ILR_TUMT_NOC_RT,FX:137,2012,14.38,T31:4129,
CHL,ILR_TUMT_NOC_RT,FX:137,2013,14.19,T31:4129,
CHL,ILR_TUMT_NOC_RT,FX:137,2014,14.66,T31:4129,
CHL,ILR_TUMT_NOC_RT,FX:137,2015,15.4,T31:4129,
CHL,ILR_TUMT_NOC_RT,FX:137,2016,16.92,T31:4129,
CHL,ILR_TUMT_NOC_RT,FX:137,2017,17.38,T31:4129,
CHL,ILR_TUMT_NOC_RT,FX:137,2018,17.09,T31:4129,
CHN,ILR_TUMT_NOC_RT,FX:8362,2008,30.4,T31:3503,
CHN,ILR_TUMT_NOC_RT,FX:8362,2009,32.69,T31:3503,
CHN,ILR_TUMT_NOC_RT,FX:8362,2010,34.73,T31:3503,
CHN,ILR_TUMT_NOC_RT,FX:8362,2011,37.8,T31:3503,
CHN,ILR_TUMT_NOC_RT,FX:8362,2012,41.16,T31:3503,
CHN,ILR_TUMT_NOC_RT,FX:8362,2013,42.56,T31:3503,
CHN,ILR_TUMT_NOC_RT,FX:8362,2014,43.22,T31:3503,
CHN,ILR_TUMT_NOC_RT,FX:8362,2015,43.86,T31:3503,
CHN,ILR_TUMT_NOC_RT,FX:8362,2016,44.56,T31:3503,
CHN,ILR_TUMT_NOC_RT,FX:8362,2017,44.25,T31:3503,
CIV,ILR_TUMT_NOC_RT,BA:7345,2012,10.93,,
CIV,ILR_TUMT_NOC_RT,BA:7345,2013,7.65,,
CIV,ILR_TUMT_NOC_RT,BA:7345,2016,9.35,,
CIV,ILR_TUMT_NOC_RT,BA:7345,2017,10.62,,
CMR,ILR_TUMT_NOC_RT,FX:1008,2010,5.41,,
CMR,ILR_TUMT_NOC_RT,FX:1008,2014,5.02,,
COD,ILR_TUMT_NOC_RT,BA:3051,2012,13.56,,
COL,ILR_TUMT_NOC_RT,EA:13418,2008,3.82,,
COL,ILR_TUMT_NOC_RT,EA:13418,2009,3.38,,
COL,ILR_TUMT_NOC_RT,EA:13418,2010,3.56,,
COL,ILR_TUMT_NOC_RT,EA:13418,2011,3.67,,
COL,ILR_TUMT_NOC_RT,EA:13418,2012,4.27,,
COL,ILR_TUMT_NOC_RT,EA:13418,2013,6.52,,
COL,ILR_TUMT_NOC_RT,EA:13418,2014,5.74,,
COL,ILR_TUMT_NOC_RT,EA:13418,2015,5.41,,
COL,ILR_TUMT_NOC_RT,EA:13418,2016,5.25,,
COL,ILR_TUMT_NOC_RT,EA:13418,2017,4.77,,
COL,ILR_TUMT_NOC_RT,EA:13418,2018,4.7,,
COL,ILR_TUMT_NOC_RT,EA:13418,2019,4.65,,
COM,ILR_TUMT_NOC_RT,BA:14125,2014,13.35,,
CPV,ILR_TUMT_NOC_RT,BA:7395,2015,20.9,,
CRI,ILR_TUMT_NOC_RT,BX:142,2000,16.23,,
CRI,ILR_TUMT_NOC_RT,BX:142,2001,13.62,,
CRI,ILR_TUMT_NOC_RT,BX:142,2002,14.38,,
CRI,ILR_TUMT_NOC_RT,BX:142,2003,14.45,,
CRI,ILR_TUMT_NOC_RT,BX:142,2004,13.87,,
CRI,ILR_TUMT_NOC_RT,BX:142,2005,13.16,,
CRI,ILR_TUMT_NOC_RT,BX:142,2006,12.74,,
CRI,ILR_TUMT_NOC_RT,BX:142,2007,11.36,,
CRI,ILR_TUMT_NOC_RT,BX:142,2008,11.81,,
CRI,ILR_TUMT_NOC_RT,BX:142,2009,12.57,,
CRI,ILR_TUMT_NOC_RT,BX:142,2010,12.83,,
CRI,ILR_TUMT_NOC_RT,BX:142,2011,13.37,,
CRI,ILR_TUMT_NOC_RT,BX:142,2012,13.14,,
CRI,ILR_TUMT_NOC_RT,BX:142,2013,13.72,,
CRI,ILR_TUMT_NOC_RT,BX:142,2014,12.37,,
CRI,ILR_TUMT_NOC_RT,BX:142,2015,18.58,,
CRI,ILR_TUMT_NOC_RT,BX:142,2016,19.34,,
CRI,ILR_TUMT_NOC_RT,BX:142,2017,19.33,,
CRI,ILR_TUMT_NOC_RT,BX:142,2018,19.45,,
CRI,ILR_TUMT_NOC_RT,BX:142,2019,20.54,,
CUB,ILR_TUMT_NOC_RT,FI:797,2008,81.41,,
CUW,ILR_TUMT_NOC_RT,BA:12900,2018,23.49,,
CYP,ILR_TUMT_NOC_RT,XX:8250,2000,64.93,T31:4129,
CYP,ILR_TUMT_NOC_RT,XX:8250,2001,62.88,T31:4129,
CYP,ILR_TUMT_NOC_RT,XX:8250,2002,63.21,T31:4129,
CYP,ILR_TUMT_NOC_RT,XX:8250,2003,66.19,T31:4129,
CYP,ILR_TUMT_NOC_RT,XX:8250,2004,65.49,T31:4129,
CYP,ILR_TUMT_NOC_RT,XX:8250,2005,64.55,T31:4129,
CYP,ILR_TUMT_NOC_RT,XX:8250,2006,62.24,T31:4129,
CYP,ILR_TUMT_NOC_RT,XX:8250,2007,58.06,T31:4129,
CYP,ILR_TUMT_NOC_RT,XX:8250,2008,57.26,T31:4129,
CYP,ILR_TUMT_NOC_RT,XX:8250,2009,52.77,T31:4129,
CYP,ILR_TUMT_NOC_RT,XX:8250,2010,48.03,T31:4129,
CYP,ILR_TUMT_NOC_RT,XX:8250,2011,45.6,T31:4129,
CYP,ILR_TUMT_NOC_RT,XX:8250,2012,45.37,T31:4129,
CYP,ILR_TUMT_NOC_RT,XX:8250,2013,46.62,T31:4129,
CYP,ILR_TUMT_NOC_RT,XX:8250,2014,45.81,T31:4129,
CYP,ILR_TUMT_NOC_RT,XX:8250,2015,43.58,T31:4129,
CYP,ILR_TUMT_NOC_RT,XX:8250,2016,43.28,T31:4129,
CZE,ILR_TUMT_NOC_RT,FI:8252,2000,27.18,T31:4129,
CZE,ILR_TUMT_NOC_RT,FI:8252,2001,23.77,T31:4129,
CZE,ILR_TUMT_NOC_RT,FI:8252,2002,22.37,T31:4129,
CZE,ILR_TUMT_NOC_RT,FI:8252,2003,22.28,T31:4129,
CZE,ILR_TUMT_NOC_RT,FI:8252,2004,20.64,T31:4129,
CZE,ILR_TUMT_NOC_RT,FI:8252,2005,19.12,T31:4129,
CZE,ILR_TUMT_NOC_RT,FI:8252,2006,18.14,T31:4129,
CZE,ILR_TUMT_NOC_RT,FI:8252,2007,17.38,T31:4129,
CZE,ILR_TUMT_NOC_RT,FI:8252,2008,16.88,T31:4129,
CZE,ILR_TUMT_NOC_RT,FI:8252,2009,16.67,T31:4129,
CZE,ILR_TUMT_NOC_RT,FI:8252,2010,16.15,T31:4129,
CZE,ILR_TUMT_NOC_RT,FI:8252,2011,15.43,T31:4129,
CZE,ILR_TUMT_NOC_RT,FI:8252,2012,14.81,T31:4129,
CZE,ILR_TUMT_NOC_RT,FI:8252,2013,13.57,T31:4129,
CZE,ILR_TUMT_NOC_RT,FI:8252,2014,12.86,T31:4129,
CZE,ILR_TUMT_NOC_RT,FI:8252,2015,11.92,T31:4129,
CZE,ILR_TUMT_NOC_RT,FI:8252,2016,11.92,T31:4129,
CZE,ILR_TUMT_NOC_RT,FI:8252,2017,11.66,,
CZE,ILR_TUMT_NOC_RT,FI:8252,2018,11.38,,
DEU,ILR_TUMT_NOC_RT,FI:8258,2000,24.49,T31:4129,
DEU,ILR_TUMT_NOC_RT,FI:8258,2001,23.63,T31:4129,
DEU,ILR_TUMT_NOC_RT,FI:8258,2002,23.32,T31:4129,
DEU,ILR_TUMT_NOC_RT,FI:8258,2003,22.8,T31:4129,
DEU,ILR_TUMT_NOC_RT,FI:8258,2004,22.24,T31:4129,
DEU,ILR_TUMT_NOC_RT,FI:8258,2005,21.52,T31:4129,
DEU,ILR_TUMT_NOC_RT,FI:8258,2006,20.58,T31:4129,
DEU,ILR_TUMT_NOC_RT,FI:8258,2007,19.75,T31:4129,
DEU,ILR_TUMT_NOC_RT,FI:8258,2008,19.02,T31:4129,
DEU,ILR_TUMT_NOC_RT,FI:8258,2009,18.82,T31:4129,
DEU,ILR_TUMT_NOC_RT,FI:8258,2010,18.84,T31:4129,
DEU,ILR_TUMT_NOC_RT,FI:8258,2011,18.39,T31:4129,
DEU,ILR_TUMT_NOC_RT,FI:8258,2012,18.24,T31:4129,
DEU,ILR_TUMT_NOC_RT,FI:8258,2013,17.94,T31:4129,
DEU,ILR_TUMT_NOC_RT,FI:8258,2014,17.69,T31:4129,
DEU,ILR_TUMT_NOC_RT,FI:8258,2015,17.53,T31:4129,
DEU,ILR_TUMT_NOC_RT,FI:8258,2016,16.96,T31:4129,
DEU,ILR_TUMT_NOC_RT,FI:8258,2017,16.68,T31:4129,
DEU,ILR_TUMT_NOC_RT,FI:8258,2018,16.54,T31:4129,
DEU,ILR_TUMT_NOC_RT,FI:8258,2019,16.25,T31:4129,
DNK,ILR_TUMT_NOC_RT,FI:621,2000,74.46,T31:4129,
DNK,ILR_TUMT_NOC_RT,FI:621,2001,73.92,T31:4129,
DNK,ILR_TUMT_NOC_RT,FI:621,2002,73.59,T31:4129,
DNK,ILR_TUMT_NOC_RT,FI:621,2003,72.39,T31:4129,
DNK,ILR_TUMT_NOC_RT,FI:621,2004,71.66,T31:4129,
DNK,ILR_TUMT_NOC_RT,FI:621,2005,71.5,T31:4129,
DNK,ILR_TUMT_NOC_RT,FI:621,2006,69.69,T31:4129,
DNK,ILR_TUMT_NOC_RT,FI:621,2007,69.02,T31:4129,
DNK,ILR_TUMT_NOC_RT,FI:621,2008,68.78,T31:4129,
DNK,ILR_TUMT_NOC_RT,FI:621,2009,68.86,T31:4129,
DNK,ILR_TUMT_NOC_RT,FI:621,2010,68.14,T31:4129,
DNK,ILR_TUMT_NOC_RT,FI:621,2011,68.72,T31:4129,
DNK,ILR_TUMT_NOC_RT,FI:621,2012,69.01,T31:4129,
DNK,ILR_TUMT_NOC_RT,FI:621,2013,68.84,T31:4129,
DNK,ILR_TUMT_NOC_RT,FI:621,2014,68.46,T31:4129,
DNK,ILR_TUMT_NOC_RT,FI:621,2015,68.19,T31:4129,
DNK,ILR_TUMT_NOC_RT,FI:621,2016,67.36,T31:4129,
DNK,ILR_TUMT_NOC_RT,FI:621,2017,66.74,T31:4129,
DNK,ILR_TUMT_NOC_RT,FI:621,2018,67.55,T31:4129,
DNK,ILR_TUMT_NOC_RT,FI:621,2019,66.98,T31:4129,
DOM,ILR_TUMT_NOC_RT,BA:3,2008,8.8,,
DOM,ILR_TUMT_NOC_RT,BA:3,2009,9.3,,
DOM,ILR_TUMT_NOC_RT,BA:3,2010,9.2,,
DOM,ILR_TUMT_NOC_RT,BA:3,2011,9.23,,
DOM,ILR_TUMT_NOC_RT,BA:3,2012,10.32,,
DOM,ILR_TUMT_NOC_RT,BA:3,2013,11.06,,
DOM,ILR_TUMT_NOC_RT,BA:3,2014,9.84,,
DOM,ILR_TUMT_NOC_RT,BA:3,2015,5.62,,
DOM,ILR_TUMT_NOC_RT,BA:3,2016,6.58,,
DOM,ILR_TUMT_NOC_RT,BA:3,2017,7.61,,
DOM,ILR_TUMT_NOC_RT,BA:3,2018,7.46,,
DOM,ILR_TUMT_NOC_RT,BA:3,2019,7.49,,
EGY,ILR_TUMT_NOC_RT,BA:582,2010,23.8,,
EGY,ILR_TUMT_NOC_RT,FX:790,2000,32.13,,
EGY,ILR_TUMT_NOC_RT,FX:790,2004,40.57,,
EGY,ILR_TUMT_NOC_RT,FX:790,2007,27.51,,
ESP,ILR_TUMT_NOC_RT,FI:8283,2000,17.59,T31:4129,
ESP,ILR_TUMT_NOC_RT,FI:8283,2001,17.32,T31:4129,
ESP,ILR_TUMT_NOC_RT,FI:8283,2002,16.9,T31:4129,
ESP,ILR_TUMT_NOC_RT,FI:8283,2003,16.56,T31:4129,
ESP,ILR_TUMT_NOC_RT,FI:8283,2004,16.17,T31:4129,
ESP,ILR_TUMT_NOC_RT,FI:8283,2005,15.53,T31:4129,
ESP,ILR_TUMT_NOC_RT,FI:8283,2006,15.55,T31:4129,
ESP,ILR_TUMT_NOC_RT,FI:8283,2007,16.43,T31:4129,
ESP,ILR_TUMT_NOC_RT,FI:8283,2008,17.39,T31:4129,
ESP,ILR_TUMT_NOC_RT,FI:8283,2009,18.34,T31:4129,
ESP,ILR_TUMT_NOC_RT,FI:8283,2010,18.18,T31:4129,
ESP,ILR_TUMT_NOC_RT,FI:8283,2011,17.93,T31:4129,
ESP,ILR_TUMT_NOC_RT,FI:8283,2012,17.77,T31:4129,
ESP,ILR_TUMT_NOC_RT,FI:8283,2013,17.04,T31:4129,
ESP,ILR_TUMT_NOC_RT,FI:8283,2014,15.81,T31:4129,
ESP,ILR_TUMT_NOC_RT,FI:8283,2015,14.45,T31:4129,
ESP,ILR_TUMT_NOC_RT,FI:8283,2016,13.95,T31:4129,
ESP,ILR_TUMT_NOC_RT,FI:8283,2017,13.4,T31:4129,
ESP,ILR_TUMT_NOC_RT,FI:8283,2018,12.97,T31:4129,
ESP,ILR_TUMT_NOC_RT,FI:8283,2019,12.45,T31:4129,
EST,ILR_TUMT_NOC_RT,BA:42,2000,14.02,T31:4129,
EST,ILR_TUMT_NOC_RT,BA:42,2001,14.02,T31:4129,
EST,ILR_TUMT_NOC_RT,BA:42,2002,12.6,T31:4129,
EST,ILR_TUMT_NOC_RT,BA:42,2003,11.03,T31:4129,
EST,ILR_TUMT_NOC_RT,BA:42,2004,9.42,T31:4129,
EST,ILR_TUMT_NOC_RT,BA:42,2005,8.66,T31:4129,
EST,ILR_TUMT_NOC_RT,BA:42,2006,8.42,T31:4129,
EST,ILR_TUMT_NOC_RT,BA:42,2007,7.58,T31:4129,
EST,ILR_TUMT_NOC_RT,BA:42,2008,6.21,T31:4129,
EST,ILR_TUMT_NOC_RT,BA:42,2009,7.6,T31:4129,
EST,ILR_TUMT_NOC_RT,BA:42,2010,8.18,T31:4129,
EST,ILR_TUMT_NOC_RT,BA:42,2011,6.98,T31:4129,
EST,ILR_TUMT_NOC_RT,BA:42,2012,6.02,T31:4129,
EST,ILR_TUMT_NOC_RT,BA:42,2013,5.63,T31:4129,
EST,ILR_TUMT_NOC_RT,BA:42,2014,5.29,T31:4129,
EST,ILR_TUMT_NOC_RT,BA:42,2015,4.49,T31:4129,
EST,ILR_TUMT_NOC_RT,BA:42,2016,5.05,T31:4129,
EST,ILR_TUMT_NOC_RT,BA:42,2017,4.67,T31:4129,
EST,ILR_TUMT_NOC_RT,BA:42,2018,5.89,T31:4129,
EST,ILR_TUMT_NOC_RT,BA:42,2019,6.02,T31:4129,
ETH,ILR_TUMT_NOC_RT,FX:7127,2005,6.54,,
ETH,ILR_TUMT_NOC_RT,FX:7127,2008,5.1,,
ETH,ILR_TUMT_NOC_RT,FX:7127,2009,7.53,,
ETH,ILR_TUMT_NOC_RT,FX:7127,2010,7.89,,
ETH,ILR_TUMT_NOC_RT,FX:7127,2011,8.14,,
ETH,ILR_TUMT_NOC_RT,FX:7127,2012,8.16,,
ETH,ILR_TUMT_NOC_RT,FX:7127,2013,8.21,,
ETH,ILR_TUMT_NOC_RT,FX:7127,2014,8.08,,
ETH,ILR_TUMT_NOC_RT,FX:7127,2015,8.47,,
ETH,ILR_TUMT_NOC_RT,FX:7127,2016,8.62,T31:4129,
ETH,ILR_TUMT_NOC_RT,FX:7127,2017,8.81,T31:4129,
ETH,ILR_TUMT_NOC_RT,FX:7127,2018,8.84,T31:4129,
ETH,ILR_TUMT_NOC_RT,FX:7127,2019,9.35,T31:4129,
FIN,ILR_TUMT_NOC_RT,FX:59,2000,74.23,T31:4129,
FIN,ILR_TUMT_NOC_RT,FX:59,2001,76.61,T31:4129,
FIN,ILR_TUMT_NOC_RT,FX:59,2002,75.72,T31:4129,
FIN,ILR_TUMT_NOC_RT,FX:59,2003,74.52,T31:4129,
FIN,ILR_TUMT_NOC_RT,FX:59,2004,73.55,T31:4129,
FIN,ILR_TUMT_NOC_RT,FX:59,2005,72.73,T31:4129,
FIN,ILR_TUMT_NOC_RT,FX:59,2006,71.9,T31:4129,
FIN,ILR_TUMT_NOC_RT,FX:59,2007,71.06,T31:4129,
FIN,ILR_TUMT_NOC_RT,FX:59,2008,69.86,T31:4129,
FIN,ILR_TUMT_NOC_RT,FX:59,2009,72.46,T31:4129,
FIN,ILR_TUMT_NOC_RT,FX:59,2010,71.39,T31:4129,
FIN,ILR_TUMT_NOC_RT,FX:59,2011,69.64,T31:4129,
FIN,ILR_TUMT_NOC_RT,FX:59,2012,69.18,T31:4129,
FIN,ILR_TUMT_NOC_RT,FX:59,2013,67.52,T31:4129,
FIN,ILR_TUMT_NOC_RT,FX:59,2014,67.77,T31:4129,
FIN,ILR_TUMT_NOC_RT,FX:59,2015,67.55,T31:4129,
FIN,ILR_TUMT_NOC_RT,FX:59,2016,65.67,T31:4129,
FIN,ILR_TUMT_NOC_RT,FX:59,2017,62.89,T31:4130,
FIN,ILR_TUMT_NOC_RT,FX:59,2018,59.99,T31:4130,
FIN,ILR_TUMT_NOC_RT,FX:59,2019,58.83,T31:4130,
FJI,ILR_TUMT_NOC_RT,BA:1135,2011,19.29,,
FJI,ILR_TUMT_NOC_RT,BA:1135,2016,13.18,,
FRA,ILR_TUMT_NOC_RT,XX:8256,2000,12.55,T31:4129,
FRA,ILR_TUMT_NOC_RT,XX:8256,2001,12.22,T31:4129,
FRA,ILR_TUMT_NOC_RT,XX:8256,2002,12.17,T31:4129,
FRA,ILR_TUMT_NOC_RT,XX:8256,2003,11.11,T31:4129,
FRA,ILR_TUMT_NOC_RT,XX:8256,2004,10.63,T31:4129,
FRA,ILR_TUMT_NOC_RT,XX:8256,2005,10.59,T31:4129,
FRA,ILR_TUMT_NOC_RT,XX:8256,2006,8.63,T31:4129,
FRA,ILR_TUMT_NOC_RT,XX:8256,2007,8.5,T31:4129,
FRA,ILR_TUMT_NOC_RT,XX:8256,2008,10.7,T31:4129,
FRA,ILR_TUMT_NOC_RT,XX:8256,2009,8.81,T31:4129,
FRA,ILR_TUMT_NOC_RT,XX:8256,2010,10.76,T31:4129,
FRA,ILR_TUMT_NOC_RT,XX:8256,2011,9.11,T31:4129,
FRA,ILR_TUMT_NOC_RT,XX:8256,2012,9.13,T31:4129,
FRA,ILR_TUMT_NOC_RT,XX:8256,2013,11.31,T31:4129,
FRA,ILR_TUMT_NOC_RT,XX:8256,2014,9.03,T31:4129,
FRA,ILR_TUMT_NOC_RT,XX:8256,2015,9.03,T31:4129,
FRA,ILR_TUMT_NOC_RT,XX:8256,2016,11,T31:4129,
FRA,ILR_TUMT_NOC_RT,XX:8256,2017,9,T31:4129,
FRA,ILR_TUMT_NOC_RT,XX:8256,2018,8.89,T31:4129,
GBR,ILR_TUMT_NOC_RT,BA:666,2000,29.81,T31:4129,
GBR,ILR_TUMT_NOC_RT,BA:666,2001,29.19,T31:4129,
GBR,ILR_TUMT_NOC_RT,BA:666,2002,28.95,T31:4129,
GBR,ILR_TUMT_NOC_RT,BA:666,2003,29.16,T31:4129,
GBR,ILR_TUMT_NOC_RT,BA:666,2004,28.84,T31:4129,
GBR,ILR_TUMT_NOC_RT,BA:666,2005,28.38,T31:4129,
GBR,ILR_TUMT_NOC_RT,BA:666,2006,28.05,T31:4129,
GBR,ILR_TUMT_NOC_RT,BA:666,2007,27.87,T31:4129,
GBR,ILR_TUMT_NOC_RT,BA:666,2008,27.15,T31:4129,
GBR,ILR_TUMT_NOC_RT,BA:666,2009,27.03,T31:4129,
GBR,ILR_TUMT_NOC_RT,BA:666,2010,26.39,T31:4129,
GBR,ILR_TUMT_NOC_RT,BA:666,2011,25.72,T31:4129,
GBR,ILR_TUMT_NOC_RT,BA:666,2012,25.89,T31:4129,
GBR,ILR_TUMT_NOC_RT,BA:666,2013,25.51,T31:4129,
GBR,ILR_TUMT_NOC_RT,BA:666,2014,24.94,T31:4129,
GBR,ILR_TUMT_NOC_RT,BA:666,2015,24.57,T31:4129,
GBR,ILR_TUMT_NOC_RT,BA:666,2016,23.33,T31:4129,
GBR,ILR_TUMT_NOC_RT,BA:666,2017,23.14,T31:4129,
GBR,ILR_TUMT_NOC_RT,BA:666,2018,23.16,T31:4129,
GBR,ILR_TUMT_NOC_RT,BA:666,2019,23.36,T31:4129,
GEO,ILR_TUMT_NOC_RT,FI:16049,2008,41.23,,
GEO,ILR_TUMT_NOC_RT,FI:16049,2016,19.59,,
GEO,ILR_TUMT_NOC_RT,FI:16049,2019,17.88,,
GHA,ILR_TUMT_NOC_RT,XX:16050,2008,16.65,,
GHA,ILR_TUMT_NOC_RT,XX:16050,2009,15.36,,
GHA,ILR_TUMT_NOC_RT,XX:16050,2010,14.87,,
GHA,ILR_TUMT_NOC_RT,XX:16050,2011,15.12,,
GHA,ILR_TUMT_NOC_RT,XX:16050,2012,15.32,,
GHA,ILR_TUMT_NOC_RT,XX:16050,2013,15.51,,
GHA,ILR_TUMT_NOC_RT,XX:16050,2014,15.62,,
GHA,ILR_TUMT_NOC_RT,XX:16050,2015,16.9,,
GHA,ILR_TUMT_NOC_RT,XX:16050,2016,17.69,,
GHA,ILR_TUMT_NOC_RT,XX:16050,2017,17.43,,
GHA,ILR_TUMT_NOC_RT,XX:16050,2018,17.05,,
GHA,ILR_TUMT_NOC_RT,XX:16050,2019,16.84,,
GMB,ILR_TUMT_NOC_RT,BA:7014,2012,15.07,,
GMB,ILR_TUMT_NOC_RT,BA:7014,2018,13.89,,
GRC,ILR_TUMT_NOC_RT,EB:1191,2001,24.94,T31:4129,
GRC,ILR_TUMT_NOC_RT,EB:1191,2004,24.09,T31:4129,
GRC,ILR_TUMT_NOC_RT,EB:1191,2007,22.57,T31:4129,
GRC,ILR_TUMT_NOC_RT,EB:1191,2010,22.23,T31:4129,
GRC,ILR_TUMT_NOC_RT,EB:1191,2013,23.1,T31:4129,
GRC,ILR_TUMT_NOC_RT,EB:1191,2016,18.97,T31:4129,
GTM,ILR_TUMT_NOC_RT,BA:660,2010,3.36,,
GTM,ILR_TUMT_NOC_RT,BA:660,2011,2.87,,
GTM,ILR_TUMT_NOC_RT,BA:660,2012,2.69,,
GTM,ILR_TUMT_NOC_RT,BA:660,2013,2.28,,
GTM,ILR_TUMT_NOC_RT,BA:660,2014,2.72,,
GTM,ILR_TUMT_NOC_RT,BA:660,2015,2.6,,
GTM,ILR_TUMT_NOC_RT,BA:660,2016,2.82,,
GTM,ILR_TUMT_NOC_RT,BA:660,2017,3.25,,
GTM,ILR_TUMT_NOC_RT,BA:660,2018,3.33,,
GTM,ILR_TUMT_NOC_RT,BA:660,2019,3.15,,
GTM,ILR_TUMT_NOC_RT,EA:1202,2000,4.73,,
GTM,ILR_TUMT_NOC_RT,EA:1202,2001,5.27,,
GTM,ILR_TUMT_NOC_RT,EA:1202,2002,5.31,,
GTM,ILR_TUMT_NOC_RT,EA:1202,2003,3.6,,
GTM,ILR_TUMT_NOC_RT,EA:1202,2004,3.64,,
GTM,ILR_TUMT_NOC_RT,EA:1202,2005,3.18,,
GTM,ILR_TUMT_NOC_RT,EA:1202,2006,3.08,,
GTM,ILR_TUMT_NOC_RT,EA:1202,2007,3.1,,
GTM,ILR_TUMT_NOC_RT,EA:1202,2008,3.13,,
GTM,ILR_TUMT_NOC_RT,EA:1202,2009,3.17,,
GUY,ILR_TUMT_NOC_RT,BA:1214,2018,14.01,,
HKG,ILR_TUMT_NOC_RT,FI:236,2000,23.5,,
HKG,ILR_TUMT_NOC_RT,FI:236,2004,22.98,,
HKG,ILR_TUMT_NOC_RT,FI:236,2005,22.37,,
HKG,ILR_TUMT_NOC_RT,FI:236,2006,22.37,,
HKG,ILR_TUMT_NOC_RT,FI:236,2007,22.21,,
HKG,ILR_TUMT_NOC_RT,FI:236,2008,22.68,,
HKG,ILR_TUMT_NOC_RT,FI:236,2009,23.72,,
HKG,ILR_TUMT_NOC_RT,FI:236,2010,24.63,,
HKG,ILR_TUMT_NOC_RT,FI:236,2011,24.67,,
HKG,ILR_TUMT_NOC_RT,FI:236,2012,24.8,,
HKG,ILR_TUMT_NOC_RT,FI:236,2013,24.86,,
HKG,ILR_TUMT_NOC_RT,FI:236,2014,24.3,,
HKG,ILR_TUMT_NOC_RT,FI:236,2015,25.3,,
HKG,ILR_TUMT_NOC_RT,FI:236,2016,26.06,,
HND,ILR_TUMT_NOC_RT,BX:504,2010,2.96,,
HND,ILR_TUMT_NOC_RT,BX:504,2011,3.51,,
HND,ILR_TUMT_NOC_RT,BX:504,2012,3.93,,
HND,ILR_TUMT_NOC_RT,BX:504,2013,2.69,,
HND,ILR_TUMT_NOC_RT,BX:504,2014,3.51,,
HND,ILR_TUMT_NOC_RT,BX:504,2015,3.05,,
HND,ILR_TUMT_NOC_RT,BX:504,2016,1.83,,
HND,ILR_TUMT_NOC_RT,BX:504,2017,2.57,,
HRV,ILR_TUMT_NOC_RT,EA:811,2000,37.25,,
HRV,ILR_TUMT_NOC_RT,EA:811,2004,38.03,,
HRV,ILR_TUMT_NOC_RT,EA:811,2008,31.22,,
HRV,ILR_TUMT_NOC_RT,EA:811,2009,30.49,,
HRV,ILR_TUMT_NOC_RT,EA:811,2012,27.14,,
HRV,ILR_TUMT_NOC_RT,EA:811,2013,29.53,,
HRV,ILR_TUMT_NOC_RT,EA:811,2014,26.46,,
HRV,ILR_TUMT_NOC_RT,EA:811,2015,24.01,,
HRV,ILR_TUMT_NOC_RT,EA:811,2017,21.99,,
HRV,ILR_TUMT_NOC_RT,EA:811,2018,20.76,,
HTI,ILR_TUMT_NOC_RT,BB:14099,2012,1.72,,
HUN,ILR_TUMT_NOC_RT,XX:8261,2000,23.81,T31:4129,
HUN,ILR_TUMT_NOC_RT,XX:8261,2001,20.4,T31:4129,
HUN,ILR_TUMT_NOC_RT,XX:8261,2003,18.87,T31:4129,
HUN,ILR_TUMT_NOC_RT,XX:8261,2005,17.25,T31:4129,
HUN,ILR_TUMT_NOC_RT,XX:8261,2008,15.27,T31:4129,
HUN,ILR_TUMT_NOC_RT,XX:8261,2012,12.53,T31:4129,
HUN,ILR_TUMT_NOC_RT,XX:8261,2014,11.01,T31:4129,
HUN,ILR_TUMT_NOC_RT,XX:8261,2015,9.03,T31:4129,
HUN,ILR_TUMT_NOC_RT,XX:8261,2016,9.18,T31:4129,
HUN,ILR_TUMT_NOC_RT,XX:8261,2018,8.29,T31:4129,
HUN,ILR_TUMT_NOC_RT,XX:8261,2019,8.65,T31:4129,
IDN,ILR_TUMT_NOC_RT,XX:8294,2001,36.4,,
IDN,ILR_TUMT_NOC_RT,XX:8294,2002,27.1,,
IDN,ILR_TUMT_NOC_RT,XX:8294,2003,11.42,,
IDN,ILR_TUMT_NOC_RT,XX:8294,2006,9.9,,
IDN,ILR_TUMT_NOC_RT,XX:8294,2007,9.2,,
IDN,ILR_TUMT_NOC_RT,XX:8294,2008,8.7,,
IDN,ILR_TUMT_NOC_RT,XX:8294,2009,9.8,,
IDN,ILR_TUMT_NOC_RT,XX:8294,2012,7,,
IDN,ILR_TUMT_NOC_RT,XX:8294,2014,6.28,,
IDN,ILR_TUMT_NOC_RT,XX:8294,2016,17.88,,
IDN,ILR_TUMT_NOC_RT,XX:8294,2017,14.37,,
IDN,ILR_TUMT_NOC_RT,XX:8294,2018,14.32,,
IDN,ILR_TUMT_NOC_RT,XX:8294,2019,12.99,,
IND,ILR_TUMT_NOC_RT,XX:8309,2000,11.79,,
IND,ILR_TUMT_NOC_RT,XX:8309,2002,12.26,,
IND,ILR_TUMT_NOC_RT,XX:8309,2004,24.92,,S3:26_S9:66
IND,ILR_TUMT_NOC_RT,XX:8309,2005,23,,
IND,ILR_TUMT_NOC_RT,XX:8309,2008,13.52,,
IND,ILR_TUMT_NOC_RT,XX:8309,2009,26.34,,S3:26_S9:66
IND,ILR_TUMT_NOC_RT,XX:8309,2010,10.27,,
IND,ILR_TUMT_NOC_RT,XX:8309,2012,11.84,,
IND,ILR_TUMT_NOC_RT,XX:8309,2013,22.75,,
IND,ILR_TUMT_NOC_RT,XX:8309,2017,19.8,,
IRL,ILR_TUMT_NOC_RT,BA:405,2000,35.93,T31:4129,
IRL,ILR_TUMT_NOC_RT,BA:405,2001,35.6,T31:4129,
IRL,ILR_TUMT_NOC_RT,BA:405,2002,35.44,T31:4129,
IRL,ILR_TUMT_NOC_RT,BA:405,2003,35.21,T31:4129,
IRL,ILR_TUMT_NOC_RT,BA:405,2004,34.24,T31:4129,
IRL,ILR_TUMT_NOC_RT,BA:405,2005,33.17,T31:4129,
IRL,ILR_TUMT_NOC_RT,BA:405,2006,31.78,T31:4129,
IRL,ILR_TUMT_NOC_RT,BA:405,2007,30.46,T31:4129,
IRL,ILR_TUMT_NOC_RT,BA:405,2008,30.89,T31:4129,
IRL,ILR_TUMT_NOC_RT,BA:405,2009,31.94,T31:4129,
IRL,ILR_TUMT_NOC_RT,BA:405,2010,31.8,T31:4129,
IRL,ILR_TUMT_NOC_RT,BA:405,2011,31.7,T31:4129,
IRL,ILR_TUMT_NOC_RT,BA:405,2012,29.99,T31:4129,
IRL,ILR_TUMT_NOC_RT,BA:405,2013,28.36,T31:4129,
IRL,ILR_TUMT_NOC_RT,BA:405,2014,26.05,T31:4129,
IRL,ILR_TUMT_NOC_RT,BA:405,2015,25.2,T31:4129,
IRL,ILR_TUMT_NOC_RT,BA:405,2016,23.29,T31:4129,
IRL,ILR_TUMT_NOC_RT,BA:405,2017,24.15,T31:4129,
IRL,ILR_TUMT_NOC_RT,BA:405,2018,24.03,T31:4129,
IRL,ILR_TUMT_NOC_RT,BA:405,2019,24.85,T31:4129,
IRL,ILR_TUMT_NOC_RT,BA:405,2020,25.4,T31:4129,
ISL,ILR_TUMT_NOC_RT,BA:321,2000,89.07,T31:4129,
ISL,ILR_TUMT_NOC_RT,BA:321,2001,88.9,T31:4129,
ISL,ILR_TUMT_NOC_RT,BA:321,2002,93.34,T31:4129,
ISL,ILR_TUMT_NOC_RT,BA:321,2003,85.97,T31:4129,
ISL,ILR_TUMT_NOC_RT,BA:321,2004,83.67,T31:4129,
ISL,ILR_TUMT_NOC_RT,BA:321,2005,86.06,T31:4129,
ISL,ILR_TUMT_NOC_RT,BA:321,2006,86.61,T31:4129,
ISL,ILR_TUMT_NOC_RT,BA:321,2007,86.24,T31:4129,
ISL,ILR_TUMT_NOC_RT,BA:321,2008,86.06,T31:4129,
ISL,ILR_TUMT_NOC_RT,BA:321,2009,86.2,T31:4129,
ISL,ILR_TUMT_NOC_RT,BA:321,2010,86.53,T31:4129,
ISL,ILR_TUMT_NOC_RT,BA:321,2011,86.27,T31:4129,
ISL,ILR_TUMT_NOC_RT,BA:321,2012,87.43,T31:4129,
ISL,ILR_TUMT_NOC_RT,BA:321,2013,90.24,T31:4129,
ISL,ILR_TUMT_NOC_RT,BA:321,2014,90.49,T31:4129,
ISL,ILR_TUMT_NOC_RT,BA:321,2015,91.62,T31:4129,
ISL,ILR_TUMT_NOC_RT,BA:321,2016,90.5,T31:4129,
ISL,ILR_TUMT_NOC_RT,BA:321,2017,90.81,T31:4129,
ISL,ILR_TUMT_NOC_RT,BA:321,2018,90.57,T31:4129,
ISL,ILR_TUMT_NOC_RT,BA:321,2019,91.42,T31:4129,
ISR,ILR_TUMT_NOC_RT,BX:6648,2000,45.65,,
ISR,ILR_TUMT_NOC_RT,BX:6648,2003,40,,
ISR,ILR_TUMT_NOC_RT,BX:6648,2004,39,,
ISR,ILR_TUMT_NOC_RT,BX:6648,2005,36,,
ISR,ILR_TUMT_NOC_RT,BX:6648,2006,31.73,,
ISR,ILR_TUMT_NOC_RT,BX:6648,2007,32.88,,
ISR,ILR_TUMT_NOC_RT,BX:6648,2008,31.75,,
ISR,ILR_TUMT_NOC_RT,BX:6648,2012,25.11,,
ISR,ILR_TUMT_NOC_RT,BX:6648,2017,25.09,,
ITA,ILR_TUMT_NOC_RT,FX:821,2000,35,T31:4129,
ITA,ILR_TUMT_NOC_RT,FX:821,2001,34.43,T31:4129,
ITA,ILR_TUMT_NOC_RT,FX:821,2002,33.82,T31:4129,
ITA,ILR_TUMT_NOC_RT,FX:821,2003,33.56,T31:4129,
ITA,ILR_TUMT_NOC_RT,FX:821,2004,33.87,T31:4129,
ITA,ILR_TUMT_NOC_RT,FX:821,2005,33.75,T31:4129,
ITA,ILR_TUMT_NOC_RT,FX:821,2006,33.58,T31:4129,
ITA,ILR_TUMT_NOC_RT,FX:821,2007,34.04,T31:4129,
ITA,ILR_TUMT_NOC_RT,FX:821,2008,33.93,T31:4129,
ITA,ILR_TUMT_NOC_RT,FX:821,2009,34.7,T31:4129,
ITA,ILR_TUMT_NOC_RT,FX:821,2010,35.32,T31:4129,
ITA,ILR_TUMT_NOC_RT,FX:821,2011,35.14,T31:4129,
ITA,ILR_TUMT_NOC_RT,FX:821,2012,35.46,T31:4129,
ITA,ILR_TUMT_NOC_RT,FX:821,2013,35.71,T31:4129,
ITA,ILR_TUMT_NOC_RT,FX:821,2014,35.39,T31:4129,
ITA,ILR_TUMT_NOC_RT,FX:821,2015,34.22,T31:4129,
ITA,ILR_TUMT_NOC_RT,FX:821,2016,33.57,T31:4129,
ITA,ILR_TUMT_NOC_RT,FX:821,2017,33.23,T31:4129,
ITA,ILR_TUMT_NOC_RT,FX:821,2018,32.64,T31:4129,
ITA,ILR_TUMT_NOC_RT,FX:821,2019,32.5,T31:4129,
JPN,ILR_TUMT_NOC_RT,DA:261,2000,21.54,T31:4129,
JPN,ILR_TUMT_NOC_RT,DA:261,2001,20.88,T31:4129,
JPN,ILR_TUMT_NOC_RT,DA:261,2002,20.26,T31:4129,
JPN,ILR_TUMT_NOC_RT,DA:261,2003,19.74,T31:4129,
JPN,ILR_TUMT_NOC_RT,DA:261,2004,19.25,T31:4129,
JPN,ILR_TUMT_NOC_RT,DA:261,2005,18.8,T31:4129,
JPN,ILR_TUMT_NOC_RT,DA:261,2006,18.35,T31:4129,
JPN,ILR_TUMT_NOC_RT,DA:261,2007,18.25,T31:4129,
JPN,ILR_TUMT_NOC_RT,DA:261,2008,18.22,T31:4129,
JPN,ILR_TUMT_NOC_RT,DA:261,2009,18.46,T31:4129,
JPN,ILR_TUMT_NOC_RT,DA:261,2010,18.4,T31:4129,
JPN,ILR_TUMT_NOC_RT,DA:261,2011,18.99,T31:4129,
JPN,ILR_TUMT_NOC_RT,DA:261,2012,17.97,T31:4129,
JPN,ILR_TUMT_NOC_RT,DA:261,2013,17.78,T31:4129,
JPN,ILR_TUMT_NOC_RT,DA:261,2014,17.6,T31:4129,
JPN,ILR_TUMT_NOC_RT,DA:261,2015,17.52,T31:4129,
JPN,ILR_TUMT_NOC_RT,DA:261,2016,17.35,T31:4129,
JPN,ILR_TUMT_NOC_RT,DA:261,2017,17.15,T31:4129,
JPN,ILR_TUMT_NOC_RT,DA:261,2018,16.96,T31:4129,
JPN,ILR_TUMT_NOC_RT,DA:261,2019,16.8,T31:4129,
KAZ,ILR_TUMT_NOC_RT,BA:632,2009,37.58,,
KAZ,ILR_TUMT_NOC_RT,BA:632,2010,39.75,,
KAZ,ILR_TUMT_NOC_RT,BA:632,2011,39.2,,
KAZ,ILR_TUMT_NOC_RT,BA:632,2012,49.2,,
KAZ,ILR_TUMT_NOC_RT,BA:632,2017,46.92,,
KEN,ILR_TUMT_NOC_RT,BB:7021,2016,9.33,,
KEN,ILR_TUMT_NOC_RT,BB:7021,2019,9.7,,
KHM,ILR_TUMT_NOC_RT,BA:1321,2001,15.78,,
KHM,ILR_TUMT_NOC_RT,BA:1321,2012,9.63,,
KOR,ILR_TUMT_NOC_RT,FI:8268,2000,11.43,T31:4129,
KOR,ILR_TUMT_NOC_RT,FI:8268,2001,11.49,T31:4129,
KOR,ILR_TUMT_NOC_RT,FI:8268,2002,11.31,T31:4129,
KOR,ILR_TUMT_NOC_RT,FI:8268,2003,11.39,T31:4129,
KOR,ILR_TUMT_NOC_RT,FI:8268,2004,12.41,T31:4129,
KOR,ILR_TUMT_NOC_RT,FI:8268,2005,11.75,T31:4129,
KOR,ILR_TUMT_NOC_RT,FI:8268,2006,11.28,T31:4129,
KOR,ILR_TUMT_NOC_RT,FI:8268,2007,12.08,T31:4129,
KOR,ILR_TUMT_NOC_RT,FI:8268,2008,12.76,T31:4129,
KOR,ILR_TUMT_NOC_RT,FI:8268,2009,12.19,T31:4129,
KOR,ILR_TUMT_NOC_RT,FI:8268,2010,11.44,T31:4129,
KOR,ILR_TUMT_NOC_RT,FI:8268,2011,10.95,T31:4129,
KOR,ILR_TUMT_NOC_RT,FI:8268,2012,11.57,T31:4129,
KOR,ILR_TUMT_NOC_RT,FI:8268,2013,12.47,T31:4129,
KOR,ILR_TUMT_NOC_RT,FI:8268,2014,12.53,T31:4129,
KOR,ILR_TUMT_NOC_RT,FI:8268,2015,12.43,T31:4129,
KOR,ILR_TUMT_NOC_RT,FI:8268,2016,12.02,,
KOR,ILR_TUMT_NOC_RT,FI:8268,2017,12.44,,
KOR,ILR_TUMT_NOC_RT,FI:8268,2018,12.48,,
KOR,ILR_TUMT_NOC_RT,FI:8268,2019,12.37,,
KOR,ILR_TUMT_NOC_RT,FI:8268,2020,12.37,,
LAO,ILR_TUMT_NOC_RT,FX:664,2010,15.5,,
LBR,ILR_TUMT_NOC_RT,BA:16,2010,20.08,,
LCA,ILR_TUMT_NOC_RT,XX:16057,2000,15.36,,
LCA,ILR_TUMT_NOC_RT,XX:16057,2008,1.84,,
LKA,ILR_TUMT_NOC_RT,FX:661,2010,11.54,,
LKA,ILR_TUMT_NOC_RT,FX:661,2011,24.92,,
LKA,ILR_TUMT_NOC_RT,FX:661,2014,9.05,,
LKA,ILR_TUMT_NOC_RT,FX:661,2015,14.44,,
LKA,ILR_TUMT_NOC_RT,FX:661,2016,15.33,,
LKA,ILR_TUMT_NOC_RT,FX:661,2018,13.06,,
LKA,ILR_TUMT_NOC_RT,FX:661,2019,10.1,,
LSO,ILR_TUMT_NOC_RT,FI:15,2009,8.26,,
LSO,ILR_TUMT_NOC_RT,FI:15,2010,9.72,,
LSO,ILR_TUMT_NOC_RT,FI:15,2019,4.75,,
LTU,ILR_TUMT_NOC_RT,FI:8270,2001,18.52,T31:4129,
LTU,ILR_TUMT_NOC_RT,FI:8270,2003,12.23,T31:4129,
LTU,ILR_TUMT_NOC_RT,FI:8270,2006,9.75,T31:4129,
LTU,ILR_TUMT_NOC_RT,FI:8270,2007,9.3,T31:4129,
LTU,ILR_TUMT_NOC_RT,FI:8270,2008,8.86,T31:4129,
LTU,ILR_TUMT_NOC_RT,FI:8270,2009,9.95,T31:4129,
LTU,ILR_TUMT_NOC_RT,FI:8270,2010,10.13,T31:4129,
LTU,ILR_TUMT_NOC_RT,FI:8270,2011,9.72,T31:4129,
LTU,ILR_TUMT_NOC_RT,FI:8270,2012,9.02,T31:4129,
LTU,ILR_TUMT_NOC_RT,FI:8270,2013,8.36,T31:4129,
LTU,ILR_TUMT_NOC_RT,FI:8270,2014,8.12,T31:4129,
LTU,ILR_TUMT_NOC_RT,FI:8270,2015,7.86,T31:4129,
LTU,ILR_TUMT_NOC_RT,FI:8270,2016,7.67,T31:4129,
LTU,ILR_TUMT_NOC_RT,FI:8270,2017,7.73,T31:4129,
LTU,ILR_TUMT_NOC_RT,FI:8270,2018,7.13,T31:4129,
LTU,ILR_TUMT_NOC_RT,FI:8270,2019,7.36,T31:4129,
LUX,ILR_TUMT_NOC_RT,FI:8272,2002,44.17,T31:4129,S9:4134
LUX,ILR_TUMT_NOC_RT,FI:8272,2003,43.98,T31:4129,S9:4134
LUX,ILR_TUMT_NOC_RT,FI:8272,2004,43.41,T31:4129,S9:4134
LUX,ILR_TUMT_NOC_RT,FI:8272,2005,42.64,T31:4129,S9:4134
LUX,ILR_TUMT_NOC_RT,FI:8272,2006,41.36,T31:4129,S9:4134
LUX,ILR_TUMT_NOC_RT,FI:8272,2007,39.48,T31:4129,S9:4134
LUX,ILR_TUMT_NOC_RT,FI:8272,2008,37.58,T31:4129,S9:4134
LUX,ILR_TUMT_NOC_RT,FI:8272,2009,36.78,T31:4129,S9:4134
LUX,ILR_TUMT_NOC_RT,FI:8272,2010,36.09,T31:4129,S9:4134
LUX,ILR_TUMT_NOC_RT,FI:8272,2011,36.63,T31:4129,S9:4134
LUX,ILR_TUMT_NOC_RT,FI:8272,2012,35.29,T31:4129,S9:4134
LUX,ILR_TUMT_NOC_RT,FI:8272,2013,34.83,T31:4129,S9:4134
LUX,ILR_TUMT_NOC_RT,FI:8272,2014,34.15,T31:4129,S9:4134
LUX,ILR_TUMT_NOC_RT,FI:8272,2015,33.26,T31:4129,S9:4134
LUX,ILR_TUMT_NOC_RT,FI:8272,2016,32.25,T31:4129,S9:4134
LUX,ILR_TUMT_NOC_RT,FI:8272,2017,32.08,T31:4129,S9:4134
LUX,ILR_TUMT_NOC_RT,FI:8272,2018,30.36,T31:4129,S9:4134
LUX,ILR_TUMT_NOC_RT,FI:8272,2019,28.23,T31:4129,S9:4134
LVA,ILR_TUMT_NOC_RT,FI:637,2003,20.93,T31:4129,
LVA,ILR_TUMT_NOC_RT,FI:637,2006,17.87,T31:4129,
LVA,ILR_TUMT_NOC_RT,FI:637,2007,16.59,T31:4129,
LVA,ILR_TUMT_NOC_RT,FI:637,2008,15.09,T31:4129,
LVA,ILR_TUMT_NOC_RT,FI:637,2009,14.58,T31:4129,
LVA,ILR_TUMT_NOC_RT,FI:637,2010,14.49,T31:4129,
LVA,ILR_TUMT_NOC_RT,FI:637,2011,13,T31:4129,
LVA,ILR_TUMT_NOC_RT,FI:637,2012,12.69,T31:4129,
LVA,ILR_TUMT_NOC_RT,FI:637,2013,12.46,T31:4129,
LVA,ILR_TUMT_NOC_RT,FI:637,2014,12.54,T31:4129,
LVA,ILR_TUMT_NOC_RT,FI:637,2015,12.46,T31:4129,
LVA,ILR_TUMT_NOC_RT,FI:637,2016,11.46,T31:4129,
LVA,ILR_TUMT_NOC_RT,FI:637,2017,11.5,T31:4129,
LVA,ILR_TUMT_NOC_RT,FI:637,2018,11.04,T31:4129,
LVA,ILR_TUMT_NOC_RT,FI:637,2019,10.65,T31:4129,
MAR,ILR_TUMT_NOC_RT,FX:1387,2016,6.03,T31:4129,
MAR,ILR_TUMT_NOC_RT,FX:1387,2017,6.37,T31:4129,
MAR,ILR_TUMT_NOC_RT,FX:1387,2018,10.32,T31:4129,
MAR,ILR_TUMT_NOC_RT,FX:1387,2019,10.9,T31:4129,
MDA,ILR_TUMT_NOC_RT,BA:571,2013,28.3,,
MDA,ILR_TUMT_NOC_RT,BA:571,2014,29.65,,
MDA,ILR_TUMT_NOC_RT,BA:571,2015,24.05,,
MDA,ILR_TUMT_NOC_RT,BA:571,2016,23.9,,
MDA,ILR_TUMT_NOC_RT,BA:571,2017,22.44,,
MDA,ILR_TUMT_NOC_RT,BA:571,2018,20.02,,
MDA,ILR_TUMT_NOC_RT,BA:571,2019,18.58,,
MDG,ILR_TUMT_NOC_RT,BA:1394,2012,10.37,,
MDG,ILR_TUMT_NOC_RT,BA:1394,2015,7.22,,
MEX,ILR_TUMT_NOC_RT,BA:463,2000,16.9,,
MEX,ILR_TUMT_NOC_RT,BA:463,2002,17.17,,
MEX,ILR_TUMT_NOC_RT,BA:463,2005,16.85,,
MEX,ILR_TUMT_NOC_RT,BA:463,2006,15.34,,
MEX,ILR_TUMT_NOC_RT,BA:463,2007,16.74,,
MEX,ILR_TUMT_NOC_RT,BA:463,2008,15.58,,
MEX,ILR_TUMT_NOC_RT,BA:463,2009,15.32,,
MEX,ILR_TUMT_NOC_RT,BA:463,2010,14.24,,
MEX,ILR_TUMT_NOC_RT,BA:463,2011,14.41,,
MEX,ILR_TUMT_NOC_RT,BA:463,2012,13.55,,
MEX,ILR_TUMT_NOC_RT,BA:463,2013,13.63,,
MEX,ILR_TUMT_NOC_RT,BA:463,2014,13.52,,
MEX,ILR_TUMT_NOC_RT,BA:463,2015,12.88,,
MEX,ILR_TUMT_NOC_RT,BA:463,2016,12.51,,
MEX,ILR_TUMT_NOC_RT,BA:463,2017,12.4,,
MEX,ILR_TUMT_NOC_RT,BA:463,2018,11.95,,
MEX,ILR_TUMT_NOC_RT,BA:463,2019,12.14,,
MEX,ILR_TUMT_NOC_RT,BA:463,2020,13.22,,
MKD,ILR_TUMT_NOC_RT,FX:8337,2010,28,,
MKD,ILR_TUMT_NOC_RT,FX:8337,2019,16.68,,
MLI,ILR_TUMT_NOC_RT,BA:219,2013,9.36,,
MLI,ILR_TUMT_NOC_RT,BA:219,2014,18.87,,
MLI,ILR_TUMT_NOC_RT,BA:219,2015,9.7,,
MLI,ILR_TUMT_NOC_RT,BA:219,2016,16.45,,
MLI,ILR_TUMT_NOC_RT,BA:219,2017,7.2,,
MLI,ILR_TUMT_NOC_RT,BA:219,2018,7.52,,
MLT,ILR_TUMT_NOC_RT,FI:8274,2000,62.75,T31:4129,
MLT,ILR_TUMT_NOC_RT,FI:8274,2001,61.68,T31:4129,
MLT,ILR_TUMT_NOC_RT,FI:8274,2002,62.01,T31:4129,
MLT,ILR_TUMT_NOC_RT,FI:8274,2003,60.94,T31:4129,
MLT,ILR_TUMT_NOC_RT,FI:8274,2004,62.2,T31:4129,
MLT,ILR_TUMT_NOC_RT,FI:8274,2005,59.83,T31:4129,
MLT,ILR_TUMT_NOC_RT,FI:8274,2006,59.91,T31:4129,
MLT,ILR_TUMT_NOC_RT,FI:8274,2007,59.31,T31:4129,
MLT,ILR_TUMT_NOC_RT,FI:8274,2008,54.82,T31:4129,
MLT,ILR_TUMT_NOC_RT,FI:8274,2009,53.9,T31:4129,
MLT,ILR_TUMT_NOC_RT,FI:8274,2010,53.88,T31:4129,
MLT,ILR_TUMT_NOC_RT,FI:8274,2011,52.74,T31:4129,
MLT,ILR_TUMT_NOC_RT,FI:8274,2012,51.97,T31:4129,
MLT,ILR_TUMT_NOC_RT,FI:8274,2013,51.05,T31:4129,
MLT,ILR_TUMT_NOC_RT,FI:8274,2014,49.09,T31:4129,
MLT,ILR_TUMT_NOC_RT,FI:8274,2015,48.57,T31:4129,
MLT,ILR_TUMT_NOC_RT,FI:8274,2016,47.51,T31:4129,
MLT,ILR_TUMT_NOC_RT,FI:8274,2017,46.88,T31:4129,
MLT,ILR_TUMT_NOC_RT,FI:8274,2018,44.05,T31:4129,
MLT,ILR_TUMT_NOC_RT,FI:8274,2019,42.87,T31:4129,
MLT,ILR_TUMT_NOC_RT,FI:8274,2020,41.89,T31:4129,
MMR,ILR_TUMT_NOC_RT,BA:7009,2015,1,,
MNE,ILR_TUMT_NOC_RT,XX:8296,2012,25.83,,
MNG,ILR_TUMT_NOC_RT,EA:1429,2010,44.53,,
MNG,ILR_TUMT_NOC_RT,EA:1429,2011,45.48,,
MNG,ILR_TUMT_NOC_RT,EA:1429,2012,42.16,,
MNG,ILR_TUMT_NOC_RT,EA:1429,2013,39.63,,
MNG,ILR_TUMT_NOC_RT,EA:1429,2014,39.82,,
MNG,ILR_TUMT_NOC_RT,EA:1429,2015,38.57,,
MNG,ILR_TUMT_NOC_RT,EA:1429,2016,38.25,,
MNG,ILR_TUMT_NOC_RT,EA:1429,2017,36.03,,
MNG,ILR_TUMT_NOC_RT,EA:1429,2018,32.85,,
MNG,ILR_TUMT_NOC_RT,EA:1429,2019,30.79,,
MOZ,ILR_TUMT_NOC_RT,XX:16052,2000,27.41,,
MOZ,ILR_TUMT_NOC_RT,XX:16052,2003,19.66,,
MOZ,ILR_TUMT_NOC_RT,XX:16052,2008,12.32,,
MOZ,ILR_TUMT_NOC_RT,XX:16052,2009,14.01,,
MOZ,ILR_TUMT_NOC_RT,XX:16052,2016,12.49,,
MRT,ILR_TUMT_NOC_RT,BA:3506,2012,10.36,,
MUS,ILR_TUMT_NOC_RT,FI:81,2007,28.19,,
MUS,ILR_TUMT_NOC_RT,FI:81,2008,23.98,,
MUS,ILR_TUMT_NOC_RT,FI:81,2009,20.62,,
MUS,ILR_TUMT_NOC_RT,FI:81,2010,23.03,,
MUS,ILR_TUMT_NOC_RT,FI:81,2011,27.1,,
MUS,ILR_TUMT_NOC_RT,FI:81,2012,27.05,,
MUS,ILR_TUMT_NOC_RT,FI:81,2015,28.07,,
MUS,ILR_TUMT_NOC_RT,FI:81,2016,28.17,,
MUS,ILR_TUMT_NOC_RT,FI:81,2017,27.86,,
MUS,ILR_TUMT_NOC_RT,FI:81,2018,27.68,,
MWI,ILR_TUMT_NOC_RT,BA:1448,2013,8.85,,
MYS,ILR_TUMT_NOC_RT,XX:8295,2000,10.67,,
MYS,ILR_TUMT_NOC_RT,XX:8295,2001,11.12,,
MYS,ILR_TUMT_NOC_RT,XX:8295,2002,11.03,,
MYS,ILR_TUMT_NOC_RT,XX:8295,2003,10.49,,
MYS,ILR_TUMT_NOC_RT,XX:8295,2004,10.52,,
MYS,ILR_TUMT_NOC_RT,XX:8295,2005,10.04,,
MYS,ILR_TUMT_NOC_RT,XX:8295,2006,10.5,,
MYS,ILR_TUMT_NOC_RT,XX:8295,2007,10.27,,
MYS,ILR_TUMT_NOC_RT,XX:8295,2008,10.13,,
MYS,ILR_TUMT_NOC_RT,XX:8295,2009,9.9,,
MYS,ILR_TUMT_NOC_RT,XX:8295,2010,9.12,,
MYS,ILR_TUMT_NOC_RT,XX:8295,2011,8.44,,
MYS,ILR_TUMT_NOC_RT,XX:8295,2012,9.25,,
MYS,ILR_TUMT_NOC_RT,XX:8295,2013,9.08,,
MYS,ILR_TUMT_NOC_RT,XX:8295,2014,8.91,,
MYS,ILR_TUMT_NOC_RT,XX:8295,2015,8.78,,
MYS,ILR_TUMT_NOC_RT,XX:8295,2016,8.81,,
MYS,ILR_TUMT_NOC_RT,XX:8295,2017,8.68,,
MYS,ILR_TUMT_NOC_RT,XX:8295,2018,8.7,,
NAM,ILR_TUMT_NOC_RT,BA:1468,2000,48,,
NAM,ILR_TUMT_NOC_RT,BA:1468,2004,30.5,,
NAM,ILR_TUMT_NOC_RT,BA:1468,2016,17.61,,
NAM,ILR_TUMT_NOC_RT,BA:1468,2018,18.3,,
NER,ILR_TUMT_NOC_RT,EA:728,2012,27,,
NGA,ILR_TUMT_NOC_RT,XX:16055,2008,9.94,,
NIC,ILR_TUMT_NOC_RT,FX:646,2009,6.7,,
NIC,ILR_TUMT_NOC_RT,FX:646,2010,5.3,,
NLD,ILR_TUMT_NOC_RT,FX:6365,2000,22.33,T31:4129,
NLD,ILR_TUMT_NOC_RT,FX:6365,2001,21.57,T31:4129,
NLD,ILR_TUMT_NOC_RT,FX:6365,2002,21.42,T31:4129,
NLD,ILR_TUMT_NOC_RT,FX:6365,2003,20.95,T31:4129,
NLD,ILR_TUMT_NOC_RT,FX:6365,2004,21.3,T31:4129,
NLD,ILR_TUMT_NOC_RT,FX:6365,2005,21,T31:4129,
NLD,ILR_TUMT_NOC_RT,FX:6365,2006,20.34,T31:4129,
NLD,ILR_TUMT_NOC_RT,FX:6365,2007,19.36,T31:4129,
NLD,ILR_TUMT_NOC_RT,FX:6365,2008,19.25,T31:4129,
NLD,ILR_TUMT_NOC_RT,FX:6365,2009,19.16,T31:4129,
NLD,ILR_TUMT_NOC_RT,FX:6365,2010,19.28,T31:4129,
NLD,ILR_TUMT_NOC_RT,FX:6365,2011,19.34,T31:4129,
NLD,ILR_TUMT_NOC_RT,FX:6365,2012,18.85,T31:4129,
NLD,ILR_TUMT_NOC_RT,FX:6365,2013,18.21,T31:4129,
NLD,ILR_TUMT_NOC_RT,FX:6365,2014,18.13,T31:4129,
NLD,ILR_TUMT_NOC_RT,FX:6365,2015,17.72,T31:4129,
NLD,ILR_TUMT_NOC_RT,FX:6365,2016,17.32,T31:4129,
NLD,ILR_TUMT_NOC_RT,FX:6365,2017,16.8,T31:4129,
NLD,ILR_TUMT_NOC_RT,FX:6365,2018,16.51,T31:4129,
NLD,ILR_TUMT_NOC_RT,FX:6365,2019,15.39,T31:4129,
NOR,ILR_TUMT_NOC_RT,FX:639,2000,53.61,T31:4129,
NOR,ILR_TUMT_NOC_RT,FX:639,2001,52.63,T31:4129,
NOR,ILR_TUMT_NOC_RT,FX:639,2002,52.81,T31:4129,
NOR,ILR_TUMT_NOC_RT,FX:639,2003,51.79,T31:4129,
NOR,ILR_TUMT_NOC_RT,FX:639,2004,51.54,T31:4129,
NOR,ILR_TUMT_NOC_RT,FX:639,2005,51.19,T31:4129,
NOR,ILR_TUMT_NOC_RT,FX:639,2006,51.11,T31:4129,
NOR,ILR_TUMT_NOC_RT,FX:639,2007,50.07,T31:4129,
NOR,ILR_TUMT_NOC_RT,FX:639,2008,49.79,T31:4129,
NOR,ILR_TUMT_NOC_RT,FX:639,2009,50.32,T31:4129,
NOR,ILR_TUMT_NOC_RT,FX:639,2010,50.52,T31:4129,
NOR,ILR_TUMT_NOC_RT,FX:639,2011,49.93,T31:4129,
NOR,ILR_TUMT_NOC_RT,FX:639,2012,49.93,T31:4129,
NOR,ILR_TUMT_NOC_RT,FX:639,2013,49.82,T31:4129,
NOR,ILR_TUMT_NOC_RT,FX:639,2014,50.07,T31:4129,
NOR,ILR_TUMT_NOC_RT,FX:639,2015,49.78,T31:4129,
NOR,ILR_TUMT_NOC_RT,FX:639,2016,49.99,T31:4129,
NOR,ILR_TUMT_NOC_RT,FX:639,2017,49.98,T31:4129,
NOR,ILR_TUMT_NOC_RT,FX:639,2018,49.88,T31:4129,
NOR,ILR_TUMT_NOC_RT,FX:639,2019,50.4,T31:4129,
NPL,ILR_TUMT_NOC_RT,XX:16054,2014,32.91,,
NPL,ILR_TUMT_NOC_RT,XX:16054,2016,38.88,,
NPL,ILR_TUMT_NOC_RT,XX:16054,2018,30.16,,
NZL,ILR_TUMT_NOC_RT,FI:109,2000,22.38,T31:4129,
NZL,ILR_TUMT_NOC_RT,FI:109,2001,22.29,T31:4129,
NZL,ILR_TUMT_NOC_RT,FI:109,2002,21.78,T31:4129,
NZL,ILR_TUMT_NOC_RT,FI:109,2003,21.68,T31:4129,
NZL,ILR_TUMT_NOC_RT,FI:109,2004,21.68,T31:4129,
NZL,ILR_TUMT_NOC_RT,FI:109,2005,22.26,T31:4129,
NZL,ILR_TUMT_NOC_RT,FI:109,2006,21.82,T31:4129,
NZL,ILR_TUMT_NOC_RT,FI:109,2007,19.88,T31:4129,
NZL,ILR_TUMT_NOC_RT,FI:109,2008,21.4,T31:4129,
NZL,ILR_TUMT_NOC_RT,FI:109,2009,21.5,T31:4129,
NZL,ILR_TUMT_NOC_RT,FI:109,2010,21.43,T31:4129,
NZL,ILR_TUMT_NOC_RT,FI:109,2011,20.52,T31:4129,
NZL,ILR_TUMT_NOC_RT,FI:109,2012,20.34,T31:4129,
NZL,ILR_TUMT_NOC_RT,FI:109,2013,19.47,T31:4129,
NZL,ILR_TUMT_NOC_RT,FI:109,2014,18.48,T31:4129,
NZL,ILR_TUMT_NOC_RT,FI:109,2015,17.79,T31:4129,
NZL,ILR_TUMT_NOC_RT,FI:109,2016,18.77,T31:4129,
NZL,ILR_TUMT_NOC_RT,FI:109,2017,18.46,T31:4129,
NZL,ILR_TUMT_NOC_RT,FI:109,2018,19.23,T31:4129,
NZL,ILR_TUMT_NOC_RT,FI:109,2019,18.79,T31:4129,
NZL,ILR_TUMT_NOC_RT,FI:109,2020,18.89,,
PAK,ILR_TUMT_NOC_RT,EA:13416,2000,7.93,,
PAK,ILR_TUMT_NOC_RT,EA:13416,2004,6.9,,
PAK,ILR_TUMT_NOC_RT,EA:13416,2005,6.4,,
PAK,ILR_TUMT_NOC_RT,EA:13416,2006,5.9,,
PAK,ILR_TUMT_NOC_RT,EA:13416,2007,5.5,,
PAK,ILR_TUMT_NOC_RT,EA:13416,2008,5.6,,
PAK,ILR_TUMT_NOC_RT,EA:13416,2016,4.73,,
PAN,ILR_TUMT_NOC_RT,EA:13415,2012,15.3,,
PAN,ILR_TUMT_NOC_RT,EA:13415,2013,15.51,,
PAN,ILR_TUMT_NOC_RT,EA:13415,2014,16.81,,
PAN,ILR_TUMT_NOC_RT,EA:13415,2015,17.49,,
PAN,ILR_TUMT_NOC_RT,EA:13415,2016,19.58,,
PAN,ILR_TUMT_NOC_RT,EA:13415,2017,24.5,,
PAN,ILR_TUMT_NOC_RT,EA:13415,2018,26.33,,
PAN,ILR_TUMT_NOC_RT,EA:13415,2019,26.32,,
PER,ILR_TUMT_NOC_RT,FX:379,2010,1.93,,
PER,ILR_TUMT_NOC_RT,FX:379,2011,2.05,,
PER,ILR_TUMT_NOC_RT,FX:379,2012,2.15,,
PER,ILR_TUMT_NOC_RT,FX:379,2013,3.2,,
PER,ILR_TUMT_NOC_RT,FX:379,2014,3.21,,
PER,ILR_TUMT_NOC_RT,FX:379,2015,3.13,,
PER,ILR_TUMT_NOC_RT,FX:379,2016,2.76,,
PER,ILR_TUMT_NOC_RT,FX:379,2017,2.76,,
PER,ILR_TUMT_NOC_RT,FX:379,2018,2.28,,
PHL,ILR_TUMT_NOC_RT,FI:644,2004,9.62,,
PHL,ILR_TUMT_NOC_RT,FI:644,2005,11.8,,
PHL,ILR_TUMT_NOC_RT,FI:644,2006,11.21,,
PHL,ILR_TUMT_NOC_RT,FI:644,2007,11.05,,
PHL,ILR_TUMT_NOC_RT,FI:644,2008,11,,
PHL,ILR_TUMT_NOC_RT,FI:644,2009,10.69,,
PHL,ILR_TUMT_NOC_RT,FI:644,2010,8.78,,
PHL,ILR_TUMT_NOC_RT,FI:644,2011,8.71,,
PHL,ILR_TUMT_NOC_RT,FI:644,2012,8.58,,
PHL,ILR_TUMT_NOC_RT,FI:644,2013,8.52,,
PHL,ILR_TUMT_NOC_RT,FI:644,2014,8.84,,
PHL,ILR_TUMT_NOC_RT,FI:644,2015,8.51,,
PHL,ILR_TUMT_NOC_RT,FI:644,2016,8.03,,
PHL,ILR_TUMT_NOC_RT,FI:644,2017,7.95,,
PHL,ILR_TUMT_NOC_RT,FI:644,2018,7.7,,
PHL,ILR_TUMT_NOC_RT,FI:644,2019,7.59,,
PHL,ILR_TUMT_NOC_RT,FI:644,2020,8.49,,
POL,ILR_TUMT_NOC_RT,XX:8277,2000,17.49,T31:4129,
POL,ILR_TUMT_NOC_RT,XX:8277,2001,15.92,T31:4129,
POL,ILR_TUMT_NOC_RT,XX:8277,2002,13.97,T31:4129,
POL,ILR_TUMT_NOC_RT,XX:8277,2003,18.86,T31:4129,
POL,ILR_TUMT_NOC_RT,XX:8277,2004,19.07,T31:4129,
POL,ILR_TUMT_NOC_RT,XX:8277,2005,20.98,T31:4129,
POL,ILR_TUMT_NOC_RT,XX:8277,2006,16.98,T31:4129,
POL,ILR_TUMT_NOC_RT,XX:8277,2007,15.99,T31:4129,
POL,ILR_TUMT_NOC_RT,XX:8277,2008,14.99,T31:4129,
POL,ILR_TUMT_NOC_RT,XX:8277,2009,15.42,T31:4129,
POL,ILR_TUMT_NOC_RT,XX:8277,2010,19.98,T31:4129,
POL,ILR_TUMT_NOC_RT,XX:8277,2011,17.25,T31:4129,
POL,ILR_TUMT_NOC_RT,XX:8277,2012,16.98,T31:4129,
POL,ILR_TUMT_NOC_RT,XX:8277,2014,16.48,T31:4129,
POL,ILR_TUMT_NOC_RT,XX:8277,2016,13.99,T31:4129,
POL,ILR_TUMT_NOC_RT,XX:8277,2017,13.38,,
POL,ILR_TUMT_NOC_RT,XX:8277,2018,12.71,,
PRT,ILR_TUMT_NOC_RT,FX:8278,2000,21.6,,
PRT,ILR_TUMT_NOC_RT,FX:8278,2001,22.4,,
PRT,ILR_TUMT_NOC_RT,FX:8278,2002,20.7,,
PRT,ILR_TUMT_NOC_RT,FX:8278,2003,21.3,,
PRT,ILR_TUMT_NOC_RT,FX:8278,2004,21.7,,
PRT,ILR_TUMT_NOC_RT,FX:8278,2005,21.6,,
PRT,ILR_TUMT_NOC_RT,FX:8278,2006,21.2,,
PRT,ILR_TUMT_NOC_RT,FX:8278,2007,21.2,,
PRT,ILR_TUMT_NOC_RT,FX:8278,2008,20.9,,
PRT,ILR_TUMT_NOC_RT,FX:8278,2009,20.6,,
PRT,ILR_TUMT_NOC_RT,FX:8278,2010,19.8,,
PRT,ILR_TUMT_NOC_RT,FX:8278,2011,18.8,,
PRT,ILR_TUMT_NOC_RT,FX:8278,2012,18.9,,
PRT,ILR_TUMT_NOC_RT,FX:8278,2014,17.1,,
PRT,ILR_TUMT_NOC_RT,FX:8278,2015,16.05,,
PRT,ILR_TUMT_NOC_RT,FX:8278,2016,15.29,,
PRY,ILR_TUMT_NOC_RT,BX:534,2000,10.2,,
PRY,ILR_TUMT_NOC_RT,BX:534,2008,11.35,,
PRY,ILR_TUMT_NOC_RT,BX:534,2010,8.1,,
PRY,ILR_TUMT_NOC_RT,BX:534,2011,6.4,,
PRY,ILR_TUMT_NOC_RT,BX:534,2012,8.26,,
PRY,ILR_TUMT_NOC_RT,BX:534,2013,8.74,,
PRY,ILR_TUMT_NOC_RT,BX:534,2014,6.52,,
PRY,ILR_TUMT_NOC_RT,BX:534,2015,6.8,,
PRY,ILR_TUMT_NOC_RT,BX:534,2016,7.03,,
PRY,ILR_TUMT_NOC_RT,BX:534,2017,6.4,,
PRY,ILR_TUMT_NOC_RT,BX:534,2018,6.91,,
PRY,ILR_TUMT_NOC_RT,BX:534,2019,6.93,,
PSE,ILR_TUMT_NOC_RT,BA:592,2015,30.14,,
PSE,ILR_TUMT_NOC_RT,BA:592,2016,22.25,,
PSE,ILR_TUMT_NOC_RT,BA:592,2017,19.8,,
PSE,ILR_TUMT_NOC_RT,BA:592,2018,22.78,,
PSE,ILR_TUMT_NOC_RT,BA:592,2019,21.28,,
PSE,ILR_TUMT_NOC_RT,FX:786,2011,17.88,,
PSE,ILR_TUMT_NOC_RT,FX:786,2013,8.53,,
ROU,ILR_TUMT_NOC_RT,FI:824,2002,34.7,,
ROU,ILR_TUMT_NOC_RT,FI:824,2003,35.9,,
ROU,ILR_TUMT_NOC_RT,FI:824,2006,36,,
ROU,ILR_TUMT_NOC_RT,FI:824,2007,36,,
ROU,ILR_TUMT_NOC_RT,FI:824,2008,35.6,,
ROU,ILR_TUMT_NOC_RT,FI:824,2009,34.1,,
ROU,ILR_TUMT_NOC_RT,FI:824,2010,35.4,,
ROU,ILR_TUMT_NOC_RT,FI:824,2011,30.5,,
ROU,ILR_TUMT_NOC_RT,FI:824,2012,26.7,,
ROU,ILR_TUMT_NOC_RT,FI:824,2013,25.2,,
ROU,ILR_TUMT_NOC_RT,FI:824,2016,21.61,,
ROU,ILR_TUMT_NOC_RT,FI:824,2018,21.39,,
RUS,ILR_TUMT_NOC_RT,FI:13420,2006,43.46,T31:4129,
RUS,ILR_TUMT_NOC_RT,FI:13420,2007,40.86,T31:4129,
RUS,ILR_TUMT_NOC_RT,FI:13420,2008,38.25,T31:4129,
RUS,ILR_TUMT_NOC_RT,FI:13420,2009,36.72,T31:4129,
RUS,ILR_TUMT_NOC_RT,FI:13420,2010,33.73,T31:4129,
RUS,ILR_TUMT_NOC_RT,FI:13420,2011,32.97,T31:4129,
RUS,ILR_TUMT_NOC_RT,FI:13420,2012,31.08,T31:4129,
RUS,ILR_TUMT_NOC_RT,FI:13420,2013,29.76,T31:4129,
RUS,ILR_TUMT_NOC_RT,FI:13420,2014,28.92,T31:4129,
RUS,ILR_TUMT_NOC_RT,FI:13420,2015,28.28,T31:4129,
RUS,ILR_TUMT_NOC_RT,FI:13420,2016,28.01,T31:4129,
RUS,ILR_TUMT_NOC_RT,FI:13420,2017,27.45,T31:4129,
RWA,ILR_TUMT_NOC_RT,BA:1590,2017,5.41,,
RWA,ILR_TUMT_NOC_RT,BA:1590,2018,4.97,,
RWA,ILR_TUMT_NOC_RT,BA:1590,2019,5.86,,
SDN,ILR_TUMT_NOC_RT,BA:1603,2011,30.41,,
SEN,ILR_TUMT_NOC_RT,EA:13417,2008,12.09,,
SEN,ILR_TUMT_NOC_RT,EA:13417,2009,13.16,,
SEN,ILR_TUMT_NOC_RT,EA:13417,2010,13.57,,
SEN,ILR_TUMT_NOC_RT,EA:13417,2011,13.73,,
SEN,ILR_TUMT_NOC_RT,EA:13417,2012,14.11,,
SEN,ILR_TUMT_NOC_RT,EA:13417,2013,13.86,,
SEN,ILR_TUMT_NOC_RT,EA:13417,2014,14.1,,
SEN,ILR_TUMT_NOC_RT,EA:13417,2016,8.27,,
SEN,ILR_TUMT_NOC_RT,EA:13417,2017,7.96,,
SEN,ILR_TUMT_NOC_RT,EA:13417,2018,9.69,,
SEN,ILR_TUMT_NOC_RT,EA:13417,2019,7.36,,
SGP,ILR_TUMT_NOC_RT,XX:8299,2000,15.6,,S9:4134
SGP,ILR_TUMT_NOC_RT,XX:8299,2001,16.53,,S9:4134
SGP,ILR_TUMT_NOC_RT,XX:8299,2002,19.32,,S9:4134
SGP,ILR_TUMT_NOC_RT,XX:8299,2003,20.51,,S9:4134
SGP,ILR_TUMT_NOC_RT,XX:8299,2004,20.1,,S9:4134
SGP,ILR_TUMT_NOC_RT,XX:8299,2005,19.4,,S9:4134
SGP,ILR_TUMT_NOC_RT,XX:8299,2006,18.6,,S9:4134
SGP,ILR_TUMT_NOC_RT,XX:8299,2007,18.1,,S9:4134
SGP,ILR_TUMT_NOC_RT,XX:8299,2008,17.5,,S9:4134
SGP,ILR_TUMT_NOC_RT,XX:8299,2009,17.6,,S9:4134
SGP,ILR_TUMT_NOC_RT,XX:8299,2010,18.03,,S9:4134
SGP,ILR_TUMT_NOC_RT,XX:8299,2011,18.91,,S9:4134
SGP,ILR_TUMT_NOC_RT,XX:8299,2012,19.35,,S9:4134
SGP,ILR_TUMT_NOC_RT,XX:8299,2013,20.41,,S9:4134
SGP,ILR_TUMT_NOC_RT,XX:8299,2014,20.84,,S9:4134
SGP,ILR_TUMT_NOC_RT,XX:8299,2015,21.21,,S9:4134
SGP,ILR_TUMT_NOC_RT,XX:8299,2016,21.8,,S9:4134
SGP,ILR_TUMT_NOC_RT,XX:8299,2017,22.16,,S9:4134
SGP,ILR_TUMT_NOC_RT,XX:8299,2018,21.94,,S9:4134
SGP,ILR_TUMT_NOC_RT,XX:8299,2019,22.18,,S9:4134
SLE,ILR_TUMT_NOC_RT,BA:1629,2014,23.7,,
SLE,ILR_TUMT_NOC_RT,FX:793,2008,24.49,,
SLV,ILR_TUMT_NOC_RT,EA:13419,2000,11.97,,
SLV,ILR_TUMT_NOC_RT,EA:13419,2001,11.93,,
SLV,ILR_TUMT_NOC_RT,EA:13419,2002,12.23,,
SLV,ILR_TUMT_NOC_RT,EA:13419,2003,11.9,,
SLV,ILR_TUMT_NOC_RT,EA:13419,2004,10.93,,
SLV,ILR_TUMT_NOC_RT,EA:13419,2005,13.45,,
SLV,ILR_TUMT_NOC_RT,EA:13419,2006,12.79,,
SLV,ILR_TUMT_NOC_RT,EA:13419,2007,12.95,,
SLV,ILR_TUMT_NOC_RT,EA:13419,2008,12.98,,
SLV,ILR_TUMT_NOC_RT,EA:13419,2009,15.22,,
SLV,ILR_TUMT_NOC_RT,EA:13419,2010,15.16,,
SLV,ILR_TUMT_NOC_RT,EA:13419,2011,14.07,,
SLV,ILR_TUMT_NOC_RT,EA:13419,2012,9.84,,
SLV,ILR_TUMT_NOC_RT,EA:13419,2013,15.97,,
SLV,ILR_TUMT_NOC_RT,EA:13419,2014,12.53,,
SLV,ILR_TUMT_NOC_RT,EA:13419,2015,12.92,,
SLV,ILR_TUMT_NOC_RT,EA:13419,2016,17.4,,
SLV,ILR_TUMT_NOC_RT,EA:13419,2017,10.82,,
SLV,ILR_TUMT_NOC_RT,EA:13419,2018,8.73,,
SOM,ILR_TUMT_NOC_RT,BA:15656,2019,11.8,,
SRB,ILR_TUMT_NOC_RT,FI:827,2007,30.66,,
SRB,ILR_TUMT_NOC_RT,FI:827,2010,33.28,,
SVK,ILR_TUMT_NOC_RT,FX:662,2000,32.27,T31:4129,
SVK,ILR_TUMT_NOC_RT,FX:662,2001,30.51,T31:4129,
SVK,ILR_TUMT_NOC_RT,FX:662,2002,27.43,T31:4129,
SVK,ILR_TUMT_NOC_RT,FX:662,2003,26.18,T31:4129,
SVK,ILR_TUMT_NOC_RT,FX:662,2004,23.65,T31:4129,
SVK,ILR_TUMT_NOC_RT,FX:662,2005,22.78,T31:4129,
SVK,ILR_TUMT_NOC_RT,FX:662,2006,20.56,T31:4129,
SVK,ILR_TUMT_NOC_RT,FX:662,2007,18.77,T31:4129,
SVK,ILR_TUMT_NOC_RT,FX:662,2008,17.18,T31:4129,
SVK,ILR_TUMT_NOC_RT,FX:662,2009,16.02,T31:4129,
SVK,ILR_TUMT_NOC_RT,FX:662,2010,15.22,T31:4129,
SVK,ILR_TUMT_NOC_RT,FX:662,2011,14.07,T31:4129,
SVK,ILR_TUMT_NOC_RT,FX:662,2012,13.59,T31:4129,
SVK,ILR_TUMT_NOC_RT,FX:662,2013,13.29,T31:4129,
SVK,ILR_TUMT_NOC_RT,FX:662,2014,12.16,T31:4129,
SVK,ILR_TUMT_NOC_RT,FX:662,2015,10.94,T31:4129,
SVK,ILR_TUMT_NOC_RT,FX:662,2016,11.78,T31:4129,
SVK,ILR_TUMT_NOC_RT,FX:662,2017,11.41,T31:4129,
SVK,ILR_TUMT_NOC_RT,FX:662,2018,11.11,T31:4129,
SVK,ILR_TUMT_NOC_RT,FX:662,2019,11.08,T31:4129,
SVN,ILR_TUMT_NOC_RT,FX:8352,2013,26.5,T31:4129,
SVN,ILR_TUMT_NOC_RT,FX:8352,2014,28,,
SVN,ILR_TUMT_NOC_RT,FX:8352,2015,25.1,,
SVN,ILR_TUMT_NOC_RT,FX:8352,2016,26.9,,
SWE,ILR_TUMT_NOC_RT,BA:762,2000,79.58,T31:4129,
SWE,ILR_TUMT_NOC_RT,BA:762,2001,78.71,T31:4129,
SWE,ILR_TUMT_NOC_RT,BA:762,2002,78.01,T31:4129,
SWE,ILR_TUMT_NOC_RT,BA:762,2003,77.21,T31:4129,
SWE,ILR_TUMT_NOC_RT,BA:762,2004,76.43,T31:4129,
SWE,ILR_TUMT_NOC_RT,BA:762,2005,74.25,T31:4129,
SWE,ILR_TUMT_NOC_RT,BA:762,2006,72.26,T31:4129,
SWE,ILR_TUMT_NOC_RT,BA:762,2007,67.02,T31:4129,
SWE,ILR_TUMT_NOC_RT,BA:762,2008,68.31,T31:4129,
SWE,ILR_TUMT_NOC_RT,BA:762,2009,64.24,T31:4129,
SWE,ILR_TUMT_NOC_RT,BA:762,2010,63.5,T31:4129,
SWE,ILR_TUMT_NOC_RT,BA:762,2011,62.25,T31:4129,
SWE,ILR_TUMT_NOC_RT,BA:762,2012,62.38,T31:4129,
SWE,ILR_TUMT_NOC_RT,BA:762,2013,61.98,T31:4129,
SWE,ILR_TUMT_NOC_RT,BA:762,2014,61.77,T31:4129,
SWE,ILR_TUMT_NOC_RT,BA:762,2015,62.22,T31:4129,
SWE,ILR_TUMT_NOC_RT,BA:762,2016,61.71,T31:4129,
SWE,ILR_TUMT_NOC_RT,BA:762,2017,60.78,T31:4129,
SWE,ILR_TUMT_NOC_RT,BA:762,2018,60.07,T31:4129,
SWE,ILR_TUMT_NOC_RT,BA:762,2019,65.21,T31:4129,
SWZ,ILR_TUMT_NOC_RT,BA:1672,2016,23.88,,
SYC,ILR_TUMT_NOC_RT,BA:2524,2011,2.04,,
SYR,ILR_TUMT_NOC_RT,FX:787,2000,25.33,,
SYR,ILR_TUMT_NOC_RT,FX:787,2001,25.55,,
SYR,ILR_TUMT_NOC_RT,FX:787,2002,21.87,,
SYR,ILR_TUMT_NOC_RT,FX:787,2003,27.68,,
SYR,ILR_TUMT_NOC_RT,FX:787,2004,29.59,,
SYR,ILR_TUMT_NOC_RT,FX:787,2005,29.82,,
SYR,ILR_TUMT_NOC_RT,FX:787,2006,29.45,,
SYR,ILR_TUMT_NOC_RT,FX:787,2007,36.01,,
TGO,ILR_TUMT_NOC_RT,XX:16058,2016,28.66,,
TGO,ILR_TUMT_NOC_RT,XX:16058,2017,24.17,,
TGO,ILR_TUMT_NOC_RT,XX:16058,2018,23.8,,
TGO,ILR_TUMT_NOC_RT,XX:16058,2019,23.81,,
THA,ILR_TUMT_NOC_RT,EB:1704,2008,3.16,,
THA,ILR_TUMT_NOC_RT,EB:1704,2009,3.01,,
THA,ILR_TUMT_NOC_RT,EB:1704,2010,3.14,,
THA,ILR_TUMT_NOC_RT,EB:1704,2011,3.36,,
THA,ILR_TUMT_NOC_RT,EB:1704,2012,3.46,,
THA,ILR_TUMT_NOC_RT,EB:1704,2014,3.42,,
THA,ILR_TUMT_NOC_RT,EB:1704,2015,3.46,,
THA,ILR_TUMT_NOC_RT,EB:1704,2016,3.38,,
THA,ILR_TUMT_NOC_RT,EB:1704,2017,3.32,,
THA,ILR_TUMT_NOC_RT,EB:1704,2018,3.36,,
THA,ILR_TUMT_NOC_RT,EB:1704,2019,3.32,,
TTO,ILR_TUMT_NOC_RT,FB:555,2010,21,,
TTO,ILR_TUMT_NOC_RT,FB:555,2013,19.8,,
TUN,ILR_TUMT_NOC_RT,FX:1724,2011,20.38,,
TUN,ILR_TUMT_NOC_RT,FX:1724,2016,27.22,,
TUN,ILR_TUMT_NOC_RT,FX:1724,2017,36.85,,
TUN,ILR_TUMT_NOC_RT,FX:1724,2018,36.59,,
TUN,ILR_TUMT_NOC_RT,FX:1724,2019,38.11,,
TUR,ILR_TUMT_NOC_RT,FX:507,2013,6.31,,
TUR,ILR_TUMT_NOC_RT,FX:507,2014,6.94,,
TUR,ILR_TUMT_NOC_RT,FX:507,2015,8,,
TUR,ILR_TUMT_NOC_RT,FX:507,2016,8.16,,
TUR,ILR_TUMT_NOC_RT,FX:507,2017,8.56,,
TUR,ILR_TUMT_NOC_RT,FX:507,2018,9.22,,
TUR,ILR_TUMT_NOC_RT,FX:507,2019,9.85,,
TWN,ILR_TUMT_NOC_RT,FX:13422,2004,41.65,,
TWN,ILR_TUMT_NOC_RT,FX:13422,2005,40.8,,
TWN,ILR_TUMT_NOC_RT,FX:13422,2006,39.58,,
TWN,ILR_TUMT_NOC_RT,FX:13422,2007,39.13,,
TWN,ILR_TUMT_NOC_RT,FX:13422,2008,38.51,,
TWN,ILR_TUMT_NOC_RT,FX:13422,2009,40.28,,
TWN,ILR_TUMT_NOC_RT,FX:13422,2010,39.7,,
TWN,ILR_TUMT_NOC_RT,FX:13422,2017,32.23,,
TZA,ILR_TUMT_NOC_RT,FI:2207,2010,35.4,,S4:30
TZA,ILR_TUMT_NOC_RT,FI:2207,2011,34.1,,S4:30
TZA,ILR_TUMT_NOC_RT,FI:2207,2012,31.5,,S4:30
TZA,ILR_TUMT_NOC_RT,FI:2207,2013,27.5,,S4:30
TZA,ILR_TUMT_NOC_RT,FI:2207,2014,25.3,,S4:30
TZA,ILR_TUMT_NOC_RT,FI:2207,2015,24.3,,S4:30
UGA,ILR_TUMT_NOC_RT,BA:13047,2012,10.71,,
UGA,ILR_TUMT_NOC_RT,BA:13047,2017,10.26,,
UKR,ILR_TUMT_NOC_RT,FI:658,2008,56.95,,
UKR,ILR_TUMT_NOC_RT,FI:658,2009,56.84,,
UKR,ILR_TUMT_NOC_RT,FI:658,2010,56.5,,
UKR,ILR_TUMT_NOC_RT,FI:658,2011,55.29,,
UKR,ILR_TUMT_NOC_RT,FI:658,2012,54.67,,
UKR,ILR_TUMT_NOC_RT,FI:658,2014,46.8,,
UKR,ILR_TUMT_NOC_RT,FI:658,2015,43.8,,
UKR,ILR_TUMT_NOC_RT,FI:658,2016,41.2,,
UKR,ILR_TUMT_NOC_RT,FI:658,2017,39.1,,
UKR,ILR_TUMT_NOC_RT,FI:658,2018,38.8,,
UKR,ILR_TUMT_NOC_RT,FI:658,2019,36.64,,
URY,ILR_TUMT_NOC_RT,FI:351,2009,16.61,,
URY,ILR_TUMT_NOC_RT,FI:351,2010,28.79,,
URY,ILR_TUMT_NOC_RT,FI:351,2011,28.1,,
URY,ILR_TUMT_NOC_RT,FI:351,2012,29.2,,
URY,ILR_TUMT_NOC_RT,FI:351,2013,30.1,,
USA,ILR_TUMT_NOC_RT,BA:453,2000,12.91,,
USA,ILR_TUMT_NOC_RT,BA:453,2001,12.87,,
USA,ILR_TUMT_NOC_RT,BA:453,2002,12.77,,
USA,ILR_TUMT_NOC_RT,BA:453,2003,12.39,,
USA,ILR_TUMT_NOC_RT,BA:453,2004,12.02,,
USA,ILR_TUMT_NOC_RT,BA:453,2005,11.96,,
USA,ILR_TUMT_NOC_RT,BA:453,2006,11.48,,
USA,ILR_TUMT_NOC_RT,BA:453,2007,11.56,,
USA,ILR_TUMT_NOC_RT,BA:453,2008,11.91,,
USA,ILR_TUMT_NOC_RT,BA:453,2009,11.79,,
USA,ILR_TUMT_NOC_RT,BA:453,2010,11.38,,
USA,ILR_TUMT_NOC_RT,BA:453,2011,11.33,,
USA,ILR_TUMT_NOC_RT,BA:453,2012,10.81,,
USA,ILR_TUMT_NOC_RT,BA:453,2013,10.81,,
USA,ILR_TUMT_NOC_RT,BA:453,2014,10.65,,
USA,ILR_TUMT_NOC_RT,BA:453,2015,10.63,,
USA,ILR_TUMT_NOC_RT,BA:453,2016,10.27,,
USA,ILR_TUMT_NOC_RT,BA:453,2017,10.31,,
USA,ILR_TUMT_NOC_RT,BA:453,2018,10.1,,
USA,ILR_TUMT_NOC_RT,BA:453,2019,9.85,,
USA,ILR_TUMT_NOC_RT,BA:453,2020,10.29,,
VCT,ILR_TUMT_NOC_RT,FA:9,2009,5.3,,
VCT,ILR_TUMT_NOC_RT,FA:9,2010,4.9,,
VEN,ILR_TUMT_NOC_RT,FF:386,2011,0.2,,
VEN,ILR_TUMT_NOC_RT,FF:386,2012,0.2,,
VNM,ILR_TUMT_NOC_RT,BA:1788,2018,49.61,,
VNM,ILR_TUMT_NOC_RT,FI:788,2012,13.96,,
WSM,ILR_TUMT_NOC_RT,BA:1794,2012,11.76,,
WSM,ILR_TUMT_NOC_RT,BA:1794,2014,11.82,,
WSM,ILR_TUMT_NOC_RT,FX:13343,2013,11.82,,
ZAF,ILR_TUMT_NOC_RT,BA:595,2010,29.87,,
ZAF,ILR_TUMT_NOC_RT,BA:595,2011,29.2,,
ZAF,ILR_TUMT_NOC_RT,BA:595,2012,29.64,,
ZAF,ILR_TUMT_NOC_RT,BA:595,2013,28.61,,
ZAF,ILR_TUMT_NOC_RT,BA:595,2014,28.87,,
ZAF,ILR_TUMT_NOC_RT,BA:595,2015,27.27,,
ZAF,ILR_TUMT_NOC_RT,BA:595,2016,27.97,,
ZAF,ILR_TUMT_NOC_RT,BA:595,2017,28.74,,
ZAF,ILR_TUMT_NOC_RT,BA:595,2018,29.32,,
ZAF,ILR_TUMT_NOC_RT,BA:595,2019,29.06,,
ZMB,ILR_TUMT_NOC_RT,BA:2212,2017,24.61,,
ZMB,ILR_TUMT_NOC_RT,BA:2212,2018,25.39,,
ZMB,ILR_TUMT_NOC_RT,BA:2212,2019,23.92,,
ZMB,ILR_TUMT_NOC_RT,FI:776,2008,44.38,,
ZMB,ILR_TUMT_NOC_RT,FI:776,2012,26.7,,
ZMB,ILR_TUMT_NOC_RT,FI:776,2014,28.96,,
ZWE,ILR_TUMT_NOC_RT,BA:1823,2014,15.14,,
ZWE,ILR_TUMT_NOC_RT,FI:652,2000,12.8,,
ZWE,ILR_TUMT_NOC_RT,FI:652,2010,7.5,,
ZWE,ILR_TUMT_NOC_RT,FI:652,2017,17.76,,
